"../../../Engine/Plugins/2D/Paper2D/Content/PlaceholderTextures/DummySpriteTexture.ubulk" 0
"../../../Engine/Plugins/2D/Paper2D/Content/PlaceholderTextures/DummySpriteTexture.uasset" 1
"../../../Engine/Plugins/2D/Paper2D/Content/PlaceholderTextures/DummySpriteTexture.uexp" 2
"../../../Engine/Plugins/2D/Paper2D/Content/DummySprite.uasset" 3
"../../../Engine/Plugins/2D/Paper2D/Content/DummySprite.uexp" 4
"../../../Engine/Plugins/2D/Paper2D/Content/DefaultPaperTerrainMaterial.uasset" 5
"../../../Engine/Plugins/2D/Paper2D/Content/DefaultPaperTerrainMaterial.uexp" 6
"../../../Engine/Content/Animation/DefaultRecorderBoneCompression.uasset" 7
"../../../Engine/Content/Animation/DefaultRecorderBoneCompression.uexp" 8
"../../../Engine/Content/EngineFonts/Faces/DroidSansFallback.uexp" 9
"../../../Engine/Content/EngineFonts/Faces/DroidSansFallback.uasset" 10
"../../../Engine/Content/EngineFonts/Faces/DroidSansFallback.ufont" 11
"../../../Engine/Content/EngineFonts/Faces/RobotoBold.uexp" 12
"../../../Engine/Content/EngineFonts/Faces/RobotoBold.uasset" 13
"../../../Engine/Content/EngineFonts/Faces/RobotoBold.ufont" 14
"../../../Engine/Content/EngineFonts/Faces/RobotoBoldItalic.uexp" 15
"../../../Engine/Content/EngineFonts/Faces/RobotoBoldItalic.uasset" 16
"../../../Engine/Content/EngineFonts/Faces/RobotoBoldItalic.ufont" 17
"../../../Engine/Content/EngineFonts/Faces/RobotoItalic.uexp" 18
"../../../Engine/Content/EngineFonts/Faces/RobotoItalic.uasset" 19
"../../../Engine/Content/EngineFonts/Faces/RobotoItalic.ufont" 20
"../../../Engine/Content/EngineFonts/Faces/RobotoLight.uexp" 21
"../../../Engine/Content/EngineFonts/Faces/RobotoLight.uasset" 22
"../../../Engine/Content/EngineFonts/Faces/RobotoLight.ufont" 23
"../../../Engine/Content/EngineFonts/Faces/RobotoRegular.uexp" 24
"../../../Engine/Content/EngineFonts/Faces/RobotoRegular.uasset" 25
"../../../Engine/Content/EngineFonts/Faces/RobotoRegular.ufont" 26
"../../../Engine/Content/EngineFonts/Roboto.uasset" 27
"../../../Engine/Content/EngineFonts/Roboto.uexp" 28
"../../../Engine/Content/EngineMaterials/DefaultDestructiblePhysicalMaterial.uasset" 29
"../../../Engine/Content/EngineMaterials/DefaultDestructiblePhysicalMaterial.uexp" 30
"../../../Engine/Content/EngineSounds/Master.uasset" 31
"../../../Engine/Content/EngineSounds/Master.uexp" 32
"../../../Engine/Plugins/Animation/ControlRig/Content/Controls/DefaultGizmoLibraryNormalized.uasset" 33
"../../../Engine/Plugins/Animation/ControlRig/Content/Controls/DefaultGizmoLibraryNormalized.uexp" 34
"../../../Engine/Plugins/2D/Paper2D/Content/DefaultSpriteMaterial.uasset" 35
"../../../Engine/Plugins/2D/Paper2D/Content/DefaultSpriteMaterial.uexp" 36
"../../../Engine/Plugins/2D/Paper2D/Content/MaskedUnlitSpriteMaterial.uasset" 37
"../../../Engine/Plugins/2D/Paper2D/Content/MaskedUnlitSpriteMaterial.uexp" 38
"../../../Engine/Plugins/2D/Paper2D/Content/OpaqueUnlitSpriteMaterial.uasset" 39
"../../../Engine/Plugins/2D/Paper2D/Content/OpaqueUnlitSpriteMaterial.uexp" 40
"../../../Engine/Content/Functions/Engine_MaterialFunctions02/WorldPositionOffset/CameraOffset.uasset" 41
"../../../Engine/Content/Functions/Engine_MaterialFunctions02/WorldPositionOffset/CameraOffset.uexp" 42
"../../../Engine/Plugins/Animation/ControlRig/Content/M_Manip.uasset" 43
"../../../Engine/Plugins/Animation/ControlRig/Content/M_Manip.uexp" 44
"../../../Engine/Plugins/NNE/NNEDenoiser/Content/NNEDTOM_Output_Alpha.uasset" 45
"../../../Engine/Plugins/NNE/NNEDenoiser/Content/NNEDTOM_Output_Alpha.uexp" 46
"../../../Engine/Plugins/NNE/NNEDenoiser/Content/NNEDTOM_Output_Default.uasset" 47
"../../../Engine/Plugins/NNE/NNEDenoiser/Content/NNEDTOM_Output_Default.uexp" 48
"../../../Engine/Plugins/NNE/NNEDenoiser/Content/NNEDT_Oidn2-3_Balanced.uasset" 49
"../../../Engine/Plugins/NNE/NNEDenoiser/Content/NNEDT_Oidn2-3_Balanced.uexp" 50
"../../../Engine/Plugins/NNE/NNEDenoiser/Content/NNEDT_Oidn2-3_Balanced_Alpha.uasset" 51
"../../../Engine/Plugins/NNE/NNEDenoiser/Content/NNEDT_Oidn2-3_Balanced_Alpha.uexp" 52
"../../../Engine/Plugins/NNE/NNEDenoiser/Content/NNED_Oidn2-3_Balanced.uasset" 53
"../../../Engine/Plugins/NNE/NNEDenoiser/Content/NNED_Oidn2-3_Balanced.uexp" 54
"../../../Engine/Plugins/NNE/NNEDenoiser/Content/NNED_Oidn2-3_Balanced_Alpha.uasset" 55
"../../../Engine/Plugins/NNE/NNEDenoiser/Content/NNED_Oidn2-3_Balanced_Alpha.uexp" 56
"../../../Engine/Plugins/NNE/NNEDenoiser/Content/NNED_Oidn2-3_Fast.uasset" 57
"../../../Engine/Plugins/NNE/NNEDenoiser/Content/NNED_Oidn2-3_Fast.uexp" 58
"../../../Engine/Plugins/NNE/NNEDenoiser/Content/NNED_Oidn2-3_Fast_Alpha.uasset" 59
"../../../Engine/Plugins/NNE/NNEDenoiser/Content/NNED_Oidn2-3_Fast_Alpha.uexp" 60
"../../../Engine/Plugins/NNE/NNEDenoiser/Content/NNED_Oidn2-3_HighQuality.uasset" 61
"../../../Engine/Plugins/NNE/NNEDenoiser/Content/NNED_Oidn2-3_HighQuality.uexp" 62
"../../../Engine/Plugins/NNE/NNEDenoiser/Content/NNED_Oidn2-3_HighQuality_Alpha.uasset" 63
"../../../Engine/Plugins/NNE/NNEDenoiser/Content/NNED_Oidn2-3_HighQuality_Alpha.uexp" 64
"../../../Engine/Plugins/NNE/NNEDenoiser/Content/NNE_oidn2-3-0_rt_hdr_alb_nrm_small__dyn__fp16_opset11_DenoiseAlpha.uasset" 65
"../../../Engine/Plugins/NNE/NNEDenoiser/Content/NNE_oidn2-3-0_rt_hdr_alb_nrm_small__dyn__fp16_opset11_DenoiseAlpha.uexp" 66
"../../../Engine/Plugins/NNE/NNEDenoiser/Content/NNE_oidn2-3-0_rt_hdr_alb_nrm_small__dyn__fp16_opset11_ForwardAlpha.uasset" 67
"../../../Engine/Plugins/NNE/NNEDenoiser/Content/NNE_oidn2-3-0_rt_hdr_alb_nrm_small__dyn__fp16_opset11_ForwardAlpha.uexp" 68
"../../../Engine/Plugins/NNE/NNEDenoiser/Content/NNE_oidn2-3-0_rt_hdr_alb_nrm__dyn__fp16_opset11_DenoiseAlpha.uasset" 69
"../../../Engine/Plugins/NNE/NNEDenoiser/Content/NNE_oidn2-3-0_rt_hdr_alb_nrm__dyn__fp16_opset11_DenoiseAlpha.uexp" 70
"../../../Engine/Plugins/NNE/NNEDenoiser/Content/NNE_oidn2-3-0_rt_hdr_alb_nrm__dyn__fp16_opset11_ForwardAlpha.uasset" 71
"../../../Engine/Plugins/NNE/NNEDenoiser/Content/NNE_oidn2-3-0_rt_hdr_alb_nrm__dyn__fp16_opset11_ForwardAlpha.uexp" 72
"../../../Engine/Plugins/NNE/NNEDenoiser/Content/NNE_oidn2-3-0_rt_hdr_calb_cnrm_large__dyn__fp16_opset11_DenoiseAlpha.uasset" 73
"../../../Engine/Plugins/NNE/NNEDenoiser/Content/NNE_oidn2-3-0_rt_hdr_calb_cnrm_large__dyn__fp16_opset11_DenoiseAlpha.uexp" 74
"../../../Engine/Plugins/NNE/NNEDenoiser/Content/NNE_oidn2-3-0_rt_hdr_calb_cnrm_large__dyn__fp16_opset11_ForwardAlpha.uasset" 75
"../../../Engine/Plugins/NNE/NNEDenoiser/Content/NNE_oidn2-3-0_rt_hdr_calb_cnrm_large__dyn__fp16_opset11_ForwardAlpha.uexp" 76
"../../../Engine/Plugins/Runtime/WebBrowserWidget/Content/WebTexture_T.uasset" 77
"../../../Engine/Plugins/Runtime/WebBrowserWidget/Content/WebTexture_T.uexp" 78
"../../../Engine/Plugins/Runtime/WebBrowserWidget/Content/WebTexture_M.uasset" 79
"../../../Engine/Plugins/Runtime/WebBrowserWidget/Content/WebTexture_M.uexp" 80
"../../../Engine/Plugins/Runtime/WebBrowserWidget/Content/WebTexture_TM.uasset" 81
"../../../Engine/Plugins/Runtime/WebBrowserWidget/Content/WebTexture_TM.uexp" 82
"../../../Engine/Content/Functions/Engine_MaterialFunctions01/Opacity/CameraDepthFade.uasset" 83
"../../../Engine/Content/Functions/Engine_MaterialFunctions01/Opacity/CameraDepthFade.uexp" 84
"../../../Engine/Content/EngineMaterials/T_Default_Material_Grid_M.ubulk" 85
"../../../Engine/Content/EngineMaterials/T_Default_Material_Grid_M.uasset" 86
"../../../Engine/Content/EngineMaterials/T_Default_Material_Grid_M.uexp" 87
"../../../Engine/Content/EngineMaterials/T_Default_Material_Grid_N.ubulk" 88
"../../../Engine/Content/EngineMaterials/T_Default_Material_Grid_N.uasset" 89
"../../../Engine/Content/EngineMaterials/T_Default_Material_Grid_N.uexp" 90
"../../../Engine/Content/EngineMaterials/DefaultMaterial.uasset" 91
"../../../Engine/Content/EngineMaterials/DefaultMaterial.uexp" 92
"../../../Engine/Content/BasicShapes/Cone.ubulk" 93
"../../../Engine/Content/BasicShapes/Cone.uasset" 94
"../../../Engine/Content/BasicShapes/Cone.uexp" 95
"../../../Engine/Content/BasicShapes/Sphere.ubulk" 96
"../../../Engine/Content/BasicShapes/Sphere.uasset" 97
"../../../Engine/Content/BasicShapes/Sphere.uexp" 98
"../../../Engine/Content/EditorLandscapeResources/WhiteSquareTexture.uasset" 99
"../../../Engine/Content/EditorLandscapeResources/WhiteSquareTexture.uexp" 100
"../../../Engine/Content/EditorLandscapeResources/LayerVisMaterial.uasset" 101
"../../../Engine/Content/EditorLandscapeResources/LayerVisMaterial.uexp" 102
"../../../Engine/Content/EngineMaterials/WorldGridMaterial.uasset" 103
"../../../Engine/Content/EngineMaterials/WorldGridMaterial.uexp" 104
"../../../Engine/Plugins/Media/MediaPlate/Content/SM_MediaPlateScreen.ubulk" 105
"../../../Engine/Plugins/Media/MediaPlate/Content/SM_MediaPlateScreen.uasset" 106
"../../../Engine/Plugins/Media/MediaPlate/Content/SM_MediaPlateScreen.uexp" 107
"../../../Engine/Content/Functions/Engine_MaterialFunctions02/Utility/MakeFloat3.uasset" 108
"../../../Engine/Content/Functions/Engine_MaterialFunctions02/Utility/MakeFloat3.uexp" 109
"../../../Engine/Content/EditorLandscapeResources/DefaultAlphaTexture.uasset" 110
"../../../Engine/Content/EditorLandscapeResources/DefaultAlphaTexture.uexp" 111
"../../../Engine/Content/Functions/Engine_MaterialFunctions03/Math/WithinRangeFloat2.uasset" 112
"../../../Engine/Content/Functions/Engine_MaterialFunctions03/Math/WithinRangeFloat2.uexp" 113
"../../../Engine/Content/EditorLandscapeResources/MaskBrushMaterial.uasset" 114
"../../../Engine/Content/EditorLandscapeResources/MaskBrushMaterial.uexp" 115
"../../../Engine/Content/EditorLandscapeResources/MaskBrushMaterial_MaskedRegion.uasset" 116
"../../../Engine/Content/EditorLandscapeResources/MaskBrushMaterial_MaskedRegion.uexp" 117
"../../../Engine/Plugins/NNE/NNEDenoiser/Content/NNEDIM_ColorAlbedoNormal_Alpha.uasset" 118
"../../../Engine/Plugins/NNE/NNEDenoiser/Content/NNEDIM_ColorAlbedoNormal_Alpha.uexp" 119
"../../../Engine/Plugins/NNE/NNEDenoiser/Content/NNEDIM_ColorAlbedoNormal_Default.uasset" 120
"../../../Engine/Plugins/NNE/NNEDenoiser/Content/NNEDIM_ColorAlbedoNormal_Default.uexp" 121
"../../../Engine/Plugins/NNE/NNEDenoiser/Content/NNEDIM_HighQuality_Alpha.uasset" 122
"../../../Engine/Plugins/NNE/NNEDenoiser/Content/NNEDIM_HighQuality_Alpha.uexp" 123
"../../../Engine/Plugins/NNE/NNEDenoiser/Content/NNEDIM_HighQuality_Default.uasset" 124
"../../../Engine/Plugins/NNE/NNEDenoiser/Content/NNEDIM_HighQuality_Default.uexp" 125
"../../../Engine/Plugins/NNE/NNEDenoiser/Content/NNEDOM_Output_Alpha.uasset" 126
"../../../Engine/Plugins/NNE/NNEDenoiser/Content/NNEDOM_Output_Alpha.uexp" 127
"../../../Engine/Plugins/NNE/NNEDenoiser/Content/NNEDOM_Output_Default.uasset" 128
"../../../Engine/Plugins/NNE/NNEDenoiser/Content/NNEDOM_Output_Default.uexp" 129
"../../../Engine/Plugins/NNE/NNEDenoiser/Content/NNEDTIM_ColorAlbedoNormal_Alpha.uasset" 130
"../../../Engine/Plugins/NNE/NNEDenoiser/Content/NNEDTIM_ColorAlbedoNormal_Alpha.uexp" 131
"../../../Engine/Plugins/NNE/NNEDenoiser/Content/NNEDTIM_ColorAlbedoNormal_Default.uasset" 132
"../../../Engine/Plugins/NNE/NNEDenoiser/Content/NNEDTIM_ColorAlbedoNormal_Default.uexp" 133
"../../../Engine/Content/EditorLandscapeResources/SelectBrushMaterial.uasset" 134
"../../../Engine/Content/EditorLandscapeResources/SelectBrushMaterial.uexp" 135
"../../../Engine/Content/EditorLandscapeResources/SelectBrushMaterial_Selected.uasset" 136
"../../../Engine/Content/EditorLandscapeResources/SelectBrushMaterial_Selected.uexp" 137
"../../../Engine/Content/EditorLandscapeResources/SelectBrushMaterial_SelectedRegion.uasset" 138
"../../../Engine/Content/EditorLandscapeResources/SelectBrushMaterial_SelectedRegion.uexp" 139
"../../../Engine/Content/EditorLandscapeResources/SplineEditorMeshMat.uasset" 140
"../../../Engine/Content/EditorLandscapeResources/SplineEditorMeshMat.uexp" 141
"../../../Engine/Content/EditorLandscapeResources/SplineEditorMesh.ubulk" 142
"../../../Engine/Content/EditorLandscapeResources/SplineEditorMesh.uasset" 143
"../../../Engine/Content/EditorLandscapeResources/SplineEditorMesh.uexp" 144
"../../../Engine/Content/EngineResources/LandscapeVisibilityLayerInfo.uasset" 145
"../../../Engine/Content/EngineResources/LandscapeVisibilityLayerInfo.uexp" 146
"../../../Engine/Content/EngineMaterials/MiniFont.uasset" 147
"../../../Engine/Content/EngineMaterials/MiniFont.uexp" 148
"../../../Engine/Content/EngineDebugMaterials/M_SimpleUnlitTranslucent.uasset" 149
"../../../Engine/Content/EngineDebugMaterials/M_SimpleUnlitTranslucent.uexp" 150
"../../../Engine/Content/EngineMaterials/InvalidLightmapSettings.ubulk" 151
"../../../Engine/Content/EngineMaterials/InvalidLightmapSettings.uasset" 152
"../../../Engine/Content/EngineMaterials/InvalidLightmapSettings.uexp" 153
"../../../Engine/Content/EngineMaterials/M_InvalidLightmapSettings.uasset" 154
"../../../Engine/Content/EngineMaterials/M_InvalidLightmapSettings.uexp" 155
"../../../Engine/Content/Functions/Engine_MaterialFunctions02/Utility/CameraDirectionVector.uasset" 156
"../../../Engine/Content/Functions/Engine_MaterialFunctions02/Utility/CameraDirectionVector.uexp" 157
"../../../Engine/Content/EngineDebugMaterials/VolumeToRender.uasset" 158
"../../../Engine/Content/EngineDebugMaterials/VolumeToRender.uexp" 159
"../../../Engine/Content/EngineDebugMaterials/M_VolumeRenderSphereTracePP.uasset" 160
"../../../Engine/Content/EngineDebugMaterials/M_VolumeRenderSphereTracePP.uexp" 161
"../../../Engine/Content/EngineMaterials/NaniteHiddenSectionMaterial.uasset" 162
"../../../Engine/Content/EngineMaterials/NaniteHiddenSectionMaterial.uexp" 163
"../../../Engine/Content/EditorLandscapeResources/ColorMaskBrushMaterial.uasset" 164
"../../../Engine/Content/EditorLandscapeResources/ColorMaskBrushMaterial.uexp" 165
"../../../Engine/Content/EditorLandscapeResources/ColorMaskBrushMaterial_MaskedRegion.uasset" 166
"../../../Engine/Content/EditorLandscapeResources/ColorMaskBrushMaterial_MaskedRegion.uexp" 167
"../../../Engine/Content/EngineMaterials/PhAT_JointLimitMaterial.uasset" 168
"../../../Engine/Content/EngineMaterials/PhAT_JointLimitMaterial.uexp" 169
"../../../Engine/Content/Functions/Engine_MaterialFunctions02/SplitComponents.uasset" 170
"../../../Engine/Content/Functions/Engine_MaterialFunctions02/SplitComponents.uexp" 171
"../../../Engine/Content/Functions/Engine_MaterialFunctions02/Utility/BreakOutFloat3Components.uasset" 172
"../../../Engine/Content/Functions/Engine_MaterialFunctions02/Utility/BreakOutFloat3Components.uexp" 173
"../../../Engine/Content/Functions/Engine_MaterialFunctions02/Math/Transform3x3Matrix.uasset" 174
"../../../Engine/Content/Functions/Engine_MaterialFunctions02/Math/Transform3x3Matrix.uexp" 175
"../../../Engine/Content/VREditor/SnapGrid/SnapGridMaterial.uasset" 176
"../../../Engine/Content/VREditor/SnapGrid/SnapGridMaterial.uexp" 177
"../../../Engine/Content/VREditor/SnapGrid/SnapGridPlaneMesh.ubulk" 178
"../../../Engine/Content/VREditor/SnapGrid/SnapGridPlaneMesh.uasset" 179
"../../../Engine/Content/VREditor/SnapGrid/SnapGridPlaneMesh.uexp" 180
"../../../Engine/Content/VREditor/LaserPointer/VR_LaserPower_01.ubulk" 181
"../../../Engine/Content/VREditor/LaserPointer/VR_LaserPower_01.uasset" 182
"../../../Engine/Content/VREditor/LaserPointer/VR_LaserPower_01.uexp" 183
"../../../Engine/Content/VREditor/TransformGizmo/TransformGizmoMaterial.uasset" 184
"../../../Engine/Content/VREditor/TransformGizmo/TransformGizmoMaterial.uexp" 185
"../../../Engine/Content/VREditor/TransformGizmo/TranslucentTransformGizmoMaterial.uasset" 186
"../../../Engine/Content/VREditor/TransformGizmo/TranslucentTransformGizmoMaterial.uexp" 187
"../../../Engine/Content/VREditor/TransformGizmo/PlaneTranslationHandle.ubulk" 188
"../../../Engine/Content/VREditor/TransformGizmo/PlaneTranslationHandle.uasset" 189
"../../../Engine/Content/VREditor/TransformGizmo/PlaneTranslationHandle.uexp" 190
"../../../Engine/Content/VREditor/TransformGizmo/RotationHandleFull.ubulk" 191
"../../../Engine/Content/VREditor/TransformGizmo/RotationHandleFull.uasset" 192
"../../../Engine/Content/VREditor/TransformGizmo/RotationHandleFull.uexp" 193
"../../../Engine/Content/VREditor/TransformGizmo/RotationHandleIndicator.ubulk" 194
"../../../Engine/Content/VREditor/TransformGizmo/RotationHandleIndicator.uasset" 195
"../../../Engine/Content/VREditor/TransformGizmo/RotationHandleIndicator.uexp" 196
"../../../Engine/Content/VREditor/TransformGizmo/RotationHandleQuarter.ubulk" 197
"../../../Engine/Content/VREditor/TransformGizmo/RotationHandleQuarter.uasset" 198
"../../../Engine/Content/VREditor/TransformGizmo/RotationHandleQuarter.uexp" 199
"../../../Engine/Content/VREditor/TransformGizmo/StartRotationHandleIndicator.ubulk" 200
"../../../Engine/Content/VREditor/TransformGizmo/StartRotationHandleIndicator.uasset" 201
"../../../Engine/Content/VREditor/TransformGizmo/StartRotationHandleIndicator.uexp" 202
"../../../Engine/Content/VREditor/TransformGizmo/TranslucentTransformGizmoMaterial_Inst.uasset" 203
"../../../Engine/Content/VREditor/TransformGizmo/TranslucentTransformGizmoMaterial_Inst.uexp" 204
"../../../Engine/Content/VREditor/TransformGizmo/TransformGizmoFreeRotation.ubulk" 205
"../../../Engine/Content/VREditor/TransformGizmo/TransformGizmoFreeRotation.uasset" 206
"../../../Engine/Content/VREditor/TransformGizmo/TransformGizmoFreeRotation.uexp" 207
"../../../Engine/Content/VREditor/TransformGizmo/TransformGizmoMaterial_Inst.uasset" 208
"../../../Engine/Content/VREditor/TransformGizmo/TransformGizmoMaterial_Inst.uexp" 209
"../../../Engine/Content/VREditor/TransformGizmo/TranslateArrowHandle.ubulk" 210
"../../../Engine/Content/VREditor/TransformGizmo/TranslateArrowHandle.uasset" 211
"../../../Engine/Content/VREditor/TransformGizmo/TranslateArrowHandle.uexp" 212
"../../../Engine/Content/VREditor/TransformGizmo/UniformScaleHandle.ubulk" 213
"../../../Engine/Content/VREditor/TransformGizmo/UniformScaleHandle.uasset" 214
"../../../Engine/Content/VREditor/TransformGizmo/UniformScaleHandle.uexp" 215
"../../../Engine/Content/VREditor/Sounds/UI/Drop_Item_From_ContentBrowser.ubulk" 216
"../../../Engine/Content/VREditor/Sounds/UI/Drop_Item_From_ContentBrowser.uasset" 217
"../../../Engine/Content/VREditor/Sounds/UI/Drop_Item_From_ContentBrowser.uexp" 218
"../../../Engine/Content/VREditor/Sounds/UI/Gizmo_Handle_Clicked.ubulk" 219
"../../../Engine/Content/VREditor/Sounds/UI/Gizmo_Handle_Clicked.uasset" 220
"../../../Engine/Content/VREditor/Sounds/UI/Gizmo_Handle_Clicked.uexp" 221
"../../../Engine/Content/VREditor/Sounds/UI/Object_PickUp.ubulk" 222
"../../../Engine/Content/VREditor/Sounds/UI/Object_PickUp.uasset" 223
"../../../Engine/Content/VREditor/Sounds/UI/Object_PickUp.uexp" 224
"../../../Engine/Content/VREditor/Sounds/UI/Object_Snaps_To_Another_Actor.ubulk" 225
"../../../Engine/Content/VREditor/Sounds/UI/Object_Snaps_To_Another_Actor.uasset" 226
"../../../Engine/Content/VREditor/Sounds/UI/Object_Snaps_To_Another_Actor.uexp" 227
"../../../Engine/Content/VREditor/Sounds/UI/Object_Snaps_To_Grid.ubulk" 228
"../../../Engine/Content/VREditor/Sounds/UI/Object_Snaps_To_Grid.uasset" 229
"../../../Engine/Content/VREditor/Sounds/UI/Object_Snaps_To_Grid.uexp" 230
"../../../Engine/Content/VREditor/Sounds/UI/Scaling_Down.ubulk" 231
"../../../Engine/Content/VREditor/Sounds/UI/Scaling_Down.uasset" 232
"../../../Engine/Content/VREditor/Sounds/UI/Scaling_Down.uexp" 233
"../../../Engine/Content/VREditor/Sounds/UI/Scaling_Up.ubulk" 234
"../../../Engine/Content/VREditor/Sounds/UI/Scaling_Up.uasset" 235
"../../../Engine/Content/VREditor/Sounds/UI/Scaling_Up.uexp" 236
"../../../Engine/Content/VREditor/Sounds/UI/Selection_Changes.ubulk" 237
"../../../Engine/Content/VREditor/Sounds/UI/Selection_Changes.uasset" 238
"../../../Engine/Content/VREditor/Sounds/UI/Selection_Changes.uexp" 239
"../../../Engine/Content/EngineMaterials/DefaultCalibrationColor.uasset" 240
"../../../Engine/Content/EngineMaterials/DefaultCalibrationColor.uexp" 241
"../../../Engine/Content/EngineMaterials/PPM_DefaultCalibrationColor.uasset" 242
"../../../Engine/Content/EngineMaterials/PPM_DefaultCalibrationColor.uexp" 243
"../../../Engine/Content/EngineMaterials/DefaultCalibrationGrayscale.uasset" 244
"../../../Engine/Content/EngineMaterials/DefaultCalibrationGrayscale.uexp" 245
"../../../Engine/Content/EngineMaterials/PPM_DefaultCalibrationGrayscale.uasset" 246
"../../../Engine/Content/EngineMaterials/PPM_DefaultCalibrationGrayscale.uexp" 247
"../../../Engine/Content/EditorResources/BSPVertex.uasset" 248
"../../../Engine/Content/EditorResources/BSPVertex.uexp" 249
"../../../Engine/Content/EditorLandscapeResources/LandscapeDirtyMaterial.uasset" 250
"../../../Engine/Content/EditorLandscapeResources/LandscapeDirtyMaterial.uexp" 251
"../../../Engine/Content/EngineMaterials/PreintegratedSkinBRDF.uasset" 252
"../../../Engine/Content/EngineMaterials/PreintegratedSkinBRDF.uexp" 253
"../../../Engine/Content/Functions/Engine_MaterialFunctions02/Utility/BreakOutFloat2Components.uasset" 254
"../../../Engine/Content/Functions/Engine_MaterialFunctions02/Utility/BreakOutFloat2Components.uexp" 255
"../../../Engine/Content/Functions/Engine_MaterialFunctions01/Texturing/ScaleUVsByCenter.uasset" 256
"../../../Engine/Content/Functions/Engine_MaterialFunctions01/Texturing/ScaleUVsByCenter.uexp" 257
"../../../Engine/Content/EngineMaterials/DefaultDiffuse.ubulk" 258
"../../../Engine/Content/EngineMaterials/DefaultDiffuse.uasset" 259
"../../../Engine/Content/EngineMaterials/DefaultDiffuse.uexp" 260
"../../../Engine/Content/Functions/Engine_MaterialFunctions01/Texturing/TextureCropping.uasset" 261
"../../../Engine/Content/Functions/Engine_MaterialFunctions01/Texturing/TextureCropping.uexp" 262
"../../../Engine/Content/Functions/Engine_MaterialFunctions02/ExampleContent/DebugNumberStrip.uasset" 263
"../../../Engine/Content/Functions/Engine_MaterialFunctions02/ExampleContent/DebugNumberStrip.uexp" 264
"../../../Engine/Content/Functions/Engine_MaterialFunctions01/Debug/DebugIntValues.uasset" 265
"../../../Engine/Content/Functions/Engine_MaterialFunctions01/Debug/DebugIntValues.uexp" 266
"../../../Engine/Content/Functions/Engine_MaterialFunctions02/WorldPositionOffset/LocalPosition.uasset" 267
"../../../Engine/Content/Functions/Engine_MaterialFunctions02/WorldPositionOffset/LocalPosition.uexp" 268
"../../../Engine/Content/EditorLandscapeResources/LandscapeLayerUsageMaterial.uasset" 269
"../../../Engine/Content/EditorLandscapeResources/LandscapeLayerUsageMaterial.uexp" 270
"../../../Engine/Plugins/Animation/ControlRig/Content/Controls/ControlRigGizmoMaterial.uasset" 271
"../../../Engine/Plugins/Animation/ControlRig/Content/Controls/ControlRigGizmoMaterial.uexp" 272
"../../../Engine/Plugins/Animation/ControlRig/Content/Controls/ControlRigXRayMaterial.uasset" 273
"../../../Engine/Plugins/Animation/ControlRig/Content/Controls/ControlRigXRayMaterial.uexp" 274
"../../../Engine/Content/EngineMaterials/RemoveSurfaceMaterial.uasset" 275
"../../../Engine/Content/EngineMaterials/RemoveSurfaceMaterial.uexp" 276
"../../../Engine/Content/EngineMaterials/SMAAAreaTex.uasset" 277
"../../../Engine/Content/EngineMaterials/SMAAAreaTex.uexp" 278
"../../../Engine/Content/Functions/Engine_MaterialFunctions02/Utility/VectorLength.uasset" 279
"../../../Engine/Content/Functions/Engine_MaterialFunctions02/Utility/VectorLength.uexp" 280
"../../../Engine/Content/Functions/Engine_MaterialFunctions02/WorldPositionOffset/ObjectScale.uasset" 281
"../../../Engine/Content/Functions/Engine_MaterialFunctions02/WorldPositionOffset/ObjectScale.uexp" 282
"../../../Engine/Plugins/Editor/SpeedTreeImporter/Content/SpeedTree9/Empty.uasset" 283
"../../../Engine/Plugins/Editor/SpeedTreeImporter/Content/SpeedTree9/Empty.uexp" 284
"../../../Engine/Plugins/Editor/SpeedTreeImporter/Content/SpeedTree9/EmptyNormal.uasset" 285
"../../../Engine/Plugins/Editor/SpeedTreeImporter/Content/SpeedTree9/EmptyNormal.uexp" 286
"../../../Engine/Plugins/Editor/SpeedTreeImporter/Content/SpeedTree9/game_wind_noise.ubulk" 287
"../../../Engine/Plugins/Editor/SpeedTreeImporter/Content/SpeedTree9/game_wind_noise.uasset" 288
"../../../Engine/Plugins/Editor/SpeedTreeImporter/Content/SpeedTree9/game_wind_noise.uexp" 289
"../../../Engine/Plugins/Editor/SpeedTreeImporter/Content/SpeedTree9/SpeedTreeBillboard.uasset" 290
"../../../Engine/Plugins/Editor/SpeedTreeImporter/Content/SpeedTree9/SpeedTreeBillboard.uexp" 291
"../../../Engine/Content/Functions/Engine_MaterialFunctions02/SafeNormalize.uasset" 292
"../../../Engine/Content/Functions/Engine_MaterialFunctions02/SafeNormalize.uexp" 293
"../../../Engine/Plugins/Editor/SpeedTreeImporter/Content/SpeedTree9/SpeedTreeWindMotion.uasset" 294
"../../../Engine/Plugins/Editor/SpeedTreeImporter/Content/SpeedTree9/SpeedTreeWindMotion.uexp" 295
"../../../Engine/Plugins/Editor/SpeedTreeImporter/Content/SpeedTree9/UnpackDirection.uasset" 296
"../../../Engine/Plugins/Editor/SpeedTreeImporter/Content/SpeedTree9/UnpackDirection.uexp" 297
"../../../Engine/Plugins/Editor/SpeedTreeImporter/Content/SpeedTree9/UnpackInteger3.uasset" 298
"../../../Engine/Plugins/Editor/SpeedTreeImporter/Content/SpeedTree9/UnpackInteger3.uexp" 299
"../../../Engine/Plugins/Editor/SpeedTreeImporter/Content/SpeedTree9/SpeedTreeBranchMotion.uasset" 300
"../../../Engine/Plugins/Editor/SpeedTreeImporter/Content/SpeedTree9/SpeedTreeBranchMotion.uexp" 301
"../../../Engine/Content/Functions/Engine_MaterialFunctions02/ObjectLocalBounds.uasset" 302
"../../../Engine/Content/Functions/Engine_MaterialFunctions02/ObjectLocalBounds.uexp" 303
"../../../Engine/Content/Functions/Engine_MaterialFunctions02/UVs/BoundingBoxBased_0-1_UVW.uasset" 304
"../../../Engine/Content/Functions/Engine_MaterialFunctions02/UVs/BoundingBoxBased_0-1_UVW.uexp" 305
"../../../Engine/Plugins/Editor/SpeedTreeImporter/Content/SpeedTree9/SpeedTreeWind.uasset" 306
"../../../Engine/Plugins/Editor/SpeedTreeImporter/Content/SpeedTree9/SpeedTreeWind.uexp" 307
"../../../Engine/Plugins/Editor/SpeedTreeImporter/Content/SpeedTree9/SpeedTreeBillboardMaster.uasset" 308
"../../../Engine/Plugins/Editor/SpeedTreeImporter/Content/SpeedTree9/SpeedTreeBillboardMaster.uexp" 309
"../../../Engine/Plugins/Experimental/MeshModelingToolsetExp/Content/Materials/GetDisplacementVectorForDepthBias.uasset" 310
"../../../Engine/Plugins/Experimental/MeshModelingToolsetExp/Content/Materials/GetDisplacementVectorForDepthBias.uexp" 311
"../../../Engine/Content/Functions/Engine_MaterialFunctions03/Viewport/MF_OrthoWidth.uasset" 312
"../../../Engine/Content/Functions/Engine_MaterialFunctions03/Viewport/MF_OrthoWidth.uexp" 313
"../../../Engine/Content/Functions/Engine_MaterialFunctions02/Utility/FOV.uasset" 314
"../../../Engine/Content/Functions/Engine_MaterialFunctions02/Utility/FOV.uexp" 315
"../../../Engine/Content/Functions/Engine_MaterialFunctions02/WorldPositionOffset/V2/ObjectScale.uasset" 316
"../../../Engine/Content/Functions/Engine_MaterialFunctions02/WorldPositionOffset/V2/ObjectScale.uexp" 317
"../../../Engine/Plugins/Experimental/MeshModelingToolsetExp/Content/Materials/PointSetOverlaidComponentMaterial.uasset" 318
"../../../Engine/Plugins/Experimental/MeshModelingToolsetExp/Content/Materials/PointSetOverlaidComponentMaterial.uexp" 319
"../../../Engine/Plugins/Animation/ControlRig/Content/Controls/ControlRig_Arrow2_1mm.ubulk" 320
"../../../Engine/Plugins/Animation/ControlRig/Content/Controls/ControlRig_Arrow2_1mm.uasset" 321
"../../../Engine/Plugins/Animation/ControlRig/Content/Controls/ControlRig_Arrow2_1mm.uexp" 322
"../../../Engine/Content/EngineMaterials/SMAASearchTex.uasset" 323
"../../../Engine/Content/EngineMaterials/SMAASearchTex.uexp" 324
"../../../Engine/Plugins/Editor/SpeedTreeImporter/Content/SpeedTree9/SpeedTreeCameraFacing.uasset" 325
"../../../Engine/Plugins/Editor/SpeedTreeImporter/Content/SpeedTree9/SpeedTreeCameraFacing.uexp" 326
"../../../Engine/Plugins/Editor/SpeedTreeImporter/Content/SpeedTree9/SpeedTreeMaster.uasset" 327
"../../../Engine/Plugins/Editor/SpeedTreeImporter/Content/SpeedTree9/SpeedTreeMaster.uexp" 328
"../../../Engine/Content/EditorResources/S_Actor.ubulk" 329
"../../../Engine/Content/EditorResources/S_Actor.uasset" 330
"../../../Engine/Content/EditorResources/S_Actor.uexp" 331
"../../../Engine/Plugins/Animation/ControlRig/Content/Controls/ControlRig_Arrow2_3mm.ubulk" 332
"../../../Engine/Plugins/Animation/ControlRig/Content/Controls/ControlRig_Arrow2_3mm.uasset" 333
"../../../Engine/Plugins/Animation/ControlRig/Content/Controls/ControlRig_Arrow2_3mm.uexp" 334
"../../../Engine/Content/EditorResources/S_BoxReflectionCapture.uasset" 335
"../../../Engine/Content/EditorResources/S_BoxReflectionCapture.uexp" 336
"../../../Engine/Plugins/Animation/ControlRig/Content/Controls/ControlRig_Arrow2_solid.ubulk" 337
"../../../Engine/Plugins/Animation/ControlRig/Content/Controls/ControlRig_Arrow2_solid.uasset" 338
"../../../Engine/Plugins/Animation/ControlRig/Content/Controls/ControlRig_Arrow2_solid.uexp" 339
"../../../Engine/Plugins/Animation/ControlRig/Content/Controls/ControlRig_Arrow4_1mm.ubulk" 340
"../../../Engine/Plugins/Animation/ControlRig/Content/Controls/ControlRig_Arrow4_1mm.uasset" 341
"../../../Engine/Plugins/Animation/ControlRig/Content/Controls/ControlRig_Arrow4_1mm.uexp" 342
"../../../Engine/Plugins/Interchange/Assets/Content/Functions/MX_DielectricBSDF.uasset" 343
"../../../Engine/Plugins/Interchange/Assets/Content/Functions/MX_DielectricBSDF.uexp" 344
"../../../Engine/Plugins/Interchange/Assets/Content/Functions/MX_Displacement.uasset" 345
"../../../Engine/Plugins/Interchange/Assets/Content/Functions/MX_Displacement.uexp" 346
"../../../Engine/Plugins/Animation/ControlRig/Content/Controls/ControlRig_Arrow4_3mm.ubulk" 347
"../../../Engine/Plugins/Animation/ControlRig/Content/Controls/ControlRig_Arrow4_3mm.uasset" 348
"../../../Engine/Plugins/Animation/ControlRig/Content/Controls/ControlRig_Arrow4_3mm.uexp" 349
"../../../Engine/Plugins/Interchange/Assets/Content/Functions/MX_GeneralizedSchlickBSDF.uasset" 350
"../../../Engine/Plugins/Interchange/Assets/Content/Functions/MX_GeneralizedSchlickBSDF.uexp" 351
"../../../Engine/Plugins/Animation/ControlRig/Content/Controls/ControlRig_Arrow4_solid.ubulk" 352
"../../../Engine/Plugins/Animation/ControlRig/Content/Controls/ControlRig_Arrow4_solid.uasset" 353
"../../../Engine/Plugins/Animation/ControlRig/Content/Controls/ControlRig_Arrow4_solid.uexp" 354
"../../../Engine/Content/EngineMaterials/WeightMapPlaceholderTexture.uasset" 355
"../../../Engine/Content/EngineMaterials/WeightMapPlaceholderTexture.uexp" 356
"../../../Engine/Content/EngineMaterials/WeightMapArrayPlaceholderTexture.uasset" 357
"../../../Engine/Content/EngineMaterials/WeightMapArrayPlaceholderTexture.uexp" 358
"../../../Engine/Plugins/Animation/ControlRig/Content/Controls/ControlRig_Arrow_1mm.ubulk" 359
"../../../Engine/Plugins/Animation/ControlRig/Content/Controls/ControlRig_Arrow_1mm.uasset" 360
"../../../Engine/Plugins/Animation/ControlRig/Content/Controls/ControlRig_Arrow_1mm.uexp" 361
"../../../Engine/Plugins/Interchange/Assets/Content/Functions/MX_MeasuredEDF.uasset" 362
"../../../Engine/Plugins/Interchange/Assets/Content/Functions/MX_MeasuredEDF.uexp" 363
"../../../Engine/Plugins/Animation/ControlRig/Content/Controls/ControlRig_Arrow_3mm.ubulk" 364
"../../../Engine/Plugins/Animation/ControlRig/Content/Controls/ControlRig_Arrow_3mm.uasset" 365
"../../../Engine/Plugins/Animation/ControlRig/Content/Controls/ControlRig_Arrow_3mm.uexp" 366
"../../../Engine/Plugins/Interchange/Assets/Content/Functions/MF_IridescenceNoLUT.uasset" 367
"../../../Engine/Plugins/Interchange/Assets/Content/Functions/MF_IridescenceNoLUT.uexp" 368
"../../../Engine/Plugins/Interchange/Assets/Content/Functions/MX_StandardSurface.uasset" 369
"../../../Engine/Plugins/Interchange/Assets/Content/Functions/MX_StandardSurface.uexp" 370
"../../../Engine/Plugins/Interchange/Assets/Content/Functions/MX_OpenPBR_Opaque.uasset" 371
"../../../Engine/Plugins/Interchange/Assets/Content/Functions/MX_OpenPBR_Opaque.uexp" 372
"../../../Engine/Content/EngineResources/WhiteSquareTexture.uasset" 373
"../../../Engine/Content/EngineResources/WhiteSquareTexture.uexp" 374
"../../../Engine/Content/EngineMaterials/Widget3DPassThrough.uasset" 375
"../../../Engine/Content/EngineMaterials/Widget3DPassThrough.uexp" 376
"../../../Engine/Content/EngineMaterials/Widget3DPassThrough_Masked.uasset" 377
"../../../Engine/Content/EngineMaterials/Widget3DPassThrough_Masked.uexp" 378
"../../../Engine/Content/EditorMaterials/PhAT_NoCollisionMaterial.uasset" 379
"../../../Engine/Content/EditorMaterials/PhAT_NoCollisionMaterial.uexp" 380
"../../../Engine/Content/EngineMaterials/Widget3DPassThrough_Opaque.uasset" 381
"../../../Engine/Content/EngineMaterials/Widget3DPassThrough_Opaque.uexp" 382
"../../../Engine/Content/EngineMaterials/Widget3DPassThrough_Masked_OneSided.uasset" 383
"../../../Engine/Content/EngineMaterials/Widget3DPassThrough_Masked_OneSided.uexp" 384
"../../../Engine/Plugins/Interchange/Assets/Content/Functions/MX_TransmissionSurface.uasset" 385
"../../../Engine/Plugins/Interchange/Assets/Content/Functions/MX_TransmissionSurface.uexp" 386
"../../../Engine/Plugins/Interchange/Assets/Content/Functions/MX_OpenPBR_Translucent.uasset" 387
"../../../Engine/Plugins/Interchange/Assets/Content/Functions/MX_OpenPBR_Translucent.uexp" 388
"../../../Engine/Plugins/Animation/ControlRig/Content/Controls/ControlRig_Arrow_solid.ubulk" 389
"../../../Engine/Plugins/Animation/ControlRig/Content/Controls/ControlRig_Arrow_solid.uasset" 390
"../../../Engine/Plugins/Animation/ControlRig/Content/Controls/ControlRig_Arrow_solid.uexp" 391
"../../../Engine/Content/EngineMaterials/Widget3DPassThrough_Opaque_OneSided.uasset" 392
"../../../Engine/Content/EngineMaterials/Widget3DPassThrough_Opaque_OneSided.uexp" 393
"../../../Engine/Content/EditorMaterials/PhAT_UnselectedMaterial.uasset" 394
"../../../Engine/Content/EditorMaterials/PhAT_UnselectedMaterial.uexp" 395
"../../../Engine/Plugins/Interchange/Assets/Content/Functions/MX_OrenNayarBSDF.uasset" 396
"../../../Engine/Plugins/Interchange/Assets/Content/Functions/MX_OrenNayarBSDF.uexp" 397
"../../../Engine/Content/EngineMaterials/Widget3DPassThrough_Translucent.uasset" 398
"../../../Engine/Content/EngineMaterials/Widget3DPassThrough_Translucent.uexp" 399
"../../../Engine/Content/EngineMaterials/Widget3DPassThrough_Translucent_OneSided.uasset" 400
"../../../Engine/Content/EngineMaterials/Widget3DPassThrough_Translucent_OneSided.uexp" 401
"../../../Engine/Plugins/Animation/ControlRig/Content/Controls/ControlRig_Box_1mm.ubulk" 402
"../../../Engine/Plugins/Animation/ControlRig/Content/Controls/ControlRig_Box_1mm.uasset" 403
"../../../Engine/Plugins/Animation/ControlRig/Content/Controls/ControlRig_Box_1mm.uexp" 404
"../../../Engine/Content/EditorMaterials/PreviewShadowIndicator.ubulk" 405
"../../../Engine/Content/EditorMaterials/PreviewShadowIndicator.uasset" 406
"../../../Engine/Content/EditorMaterials/PreviewShadowIndicator.uexp" 407
"../../../Engine/Content/EditorMaterials/PreviewShadowIndicatorMaterial.uasset" 408
"../../../Engine/Content/EditorMaterials/PreviewShadowIndicatorMaterial.uexp" 409
"../../../Engine/Plugins/Animation/ControlRig/Content/Controls/ControlRig_Box_3mm.ubulk" 410
"../../../Engine/Plugins/Animation/ControlRig/Content/Controls/ControlRig_Box_3mm.uasset" 411
"../../../Engine/Plugins/Animation/ControlRig/Content/Controls/ControlRig_Box_3mm.uexp" 412
"../../../Engine/Plugins/Animation/ControlRig/Content/Controls/ControlRig_Box_solid.ubulk" 413
"../../../Engine/Plugins/Animation/ControlRig/Content/Controls/ControlRig_Box_solid.uasset" 414
"../../../Engine/Plugins/Animation/ControlRig/Content/Controls/ControlRig_Box_solid.uexp" 415
"../../../Engine/Plugins/Interchange/Assets/Content/Functions/MX_SheenBSDF.uasset" 416
"../../../Engine/Plugins/Interchange/Assets/Content/Functions/MX_SheenBSDF.uexp" 417
"../../../Engine/Plugins/Animation/ControlRig/Content/Controls/ControlRig_Circle_1mm.ubulk" 418
"../../../Engine/Plugins/Animation/ControlRig/Content/Controls/ControlRig_Circle_1mm.uasset" 419
"../../../Engine/Plugins/Animation/ControlRig/Content/Controls/ControlRig_Circle_1mm.uexp" 420
"../../../Engine/Content/EditorResources/S_Solver.ubulk" 421
"../../../Engine/Content/EditorResources/S_Solver.uasset" 422
"../../../Engine/Content/EditorResources/S_Solver.uexp" 423
"../../../Engine/Plugins/Animation/ControlRig/Content/Controls/ControlRig_Circle_3mm.ubulk" 424
"../../../Engine/Plugins/Animation/ControlRig/Content/Controls/ControlRig_Circle_3mm.uasset" 425
"../../../Engine/Plugins/Animation/ControlRig/Content/Controls/ControlRig_Circle_3mm.uexp" 426
"../../../Engine/Plugins/Interchange/Assets/Content/Functions/MX_SubsurfaceBSDF.uasset" 427
"../../../Engine/Plugins/Interchange/Assets/Content/Functions/MX_SubsurfaceBSDF.uexp" 428
"../../../Engine/Plugins/Interchange/Assets/Content/Functions/MX_Surface.uasset" 429
"../../../Engine/Plugins/Interchange/Assets/Content/Functions/MX_Surface.uexp" 430
"../../../Engine/Plugins/Interchange/Assets/Content/Functions/MX_SurfaceUnlit.uasset" 431
"../../../Engine/Plugins/Interchange/Assets/Content/Functions/MX_SurfaceUnlit.uexp" 432
"../../../Engine/Content/EditorResources/S_Terrain.ubulk" 433
"../../../Engine/Content/EditorResources/S_Terrain.uasset" 434
"../../../Engine/Content/EditorResources/S_Terrain.uexp" 435
"../../../Engine/Plugins/Animation/ControlRig/Content/Controls/ControlRig_Circle_solid.ubulk" 436
"../../../Engine/Plugins/Animation/ControlRig/Content/Controls/ControlRig_Circle_solid.uasset" 437
"../../../Engine/Plugins/Animation/ControlRig/Content/Controls/ControlRig_Circle_solid.uexp" 438
"../../../Engine/Plugins/Interchange/Assets/Content/Functions/MX_TranslucentBSDF.uasset" 439
"../../../Engine/Plugins/Interchange/Assets/Content/Functions/MX_TranslucentBSDF.uexp" 440
"../../../Engine/Plugins/Animation/ControlRig/Content/Controls/ControlRig_Diamond_1mm.ubulk" 441
"../../../Engine/Plugins/Animation/ControlRig/Content/Controls/ControlRig_Diamond_1mm.uasset" 442
"../../../Engine/Plugins/Animation/ControlRig/Content/Controls/ControlRig_Diamond_1mm.uexp" 443
"../../../Engine/Content/EditorResources/S_Trigger.ubulk" 444
"../../../Engine/Content/EditorResources/S_Trigger.uasset" 445
"../../../Engine/Content/EditorResources/S_Trigger.uexp" 446
"../../../Engine/Content/EngineMaterials/DefaultBloomKernel.uasset" 447
"../../../Engine/Content/EngineMaterials/DefaultBloomKernel.uexp" 448
"../../../Engine/Content/EditorResources/S_TriggerBox.uasset" 449
"../../../Engine/Content/EditorResources/S_TriggerBox.uexp" 450
"../../../Engine/Content/EngineMeshes/Sphere.ubulk" 451
"../../../Engine/Content/EngineMeshes/Sphere.uasset" 452
"../../../Engine/Content/EngineMeshes/Sphere.uexp" 453
"../../../Engine/Plugins/Animation/ControlRig/Content/Controls/ControlRig_Diamond_3mm.ubulk" 454
"../../../Engine/Plugins/Animation/ControlRig/Content/Controls/ControlRig_Diamond_3mm.uasset" 455
"../../../Engine/Plugins/Animation/ControlRig/Content/Controls/ControlRig_Diamond_3mm.uexp" 456
"../../../Engine/Content/EngineMaterials/DefaultBokeh.uasset" 457
"../../../Engine/Content/EngineMaterials/DefaultBokeh.uexp" 458
"../../../Engine/Content/EditorResources/S_TriggerCapsule.uasset" 459
"../../../Engine/Content/EditorResources/S_TriggerCapsule.uexp" 460
"../../../Engine/Plugins/Interchange/Assets/Content/Functions/MX_UniformEDF.uasset" 461
"../../../Engine/Plugins/Interchange/Assets/Content/Functions/MX_UniformEDF.uexp" 462
"../../../Engine/Plugins/Interchange/Assets/Content/Functions/MX_UsdPreviewSurface.uasset" 463
"../../../Engine/Plugins/Interchange/Assets/Content/Functions/MX_UsdPreviewSurface.uexp" 464
"../../../Engine/Content/EditorResources/S_TriggerSphere.uasset" 465
"../../../Engine/Content/EditorResources/S_TriggerSphere.uexp" 466
"../../../Engine/Plugins/Animation/ControlRig/Content/Controls/ControlRig_Diamond_solid.ubulk" 467
"../../../Engine/Plugins/Animation/ControlRig/Content/Controls/ControlRig_Diamond_solid.uasset" 468
"../../../Engine/Plugins/Animation/ControlRig/Content/Controls/ControlRig_Diamond_solid.uexp" 469
"../../../Engine/Plugins/Animation/ControlRig/Content/Controls/ControlRig_HalfCircle_1mm.ubulk" 470
"../../../Engine/Plugins/Animation/ControlRig/Content/Controls/ControlRig_HalfCircle_1mm.uasset" 471
"../../../Engine/Plugins/Animation/ControlRig/Content/Controls/ControlRig_HalfCircle_1mm.uexp" 472
"../../../Engine/Plugins/Animation/ControlRig/Content/Controls/ControlRig_HalfCircle_3mm.ubulk" 473
"../../../Engine/Plugins/Animation/ControlRig/Content/Controls/ControlRig_HalfCircle_3mm.uasset" 474
"../../../Engine/Plugins/Animation/ControlRig/Content/Controls/ControlRig_HalfCircle_3mm.uexp" 475
"../../../Engine/Content/EngineMaterials/DefaultDeferredDecalMaterial.uasset" 476
"../../../Engine/Content/EngineMaterials/DefaultDeferredDecalMaterial.uexp" 477
"../../../Engine/Plugins/Animation/ControlRig/Content/Controls/ControlRig_HalfCircle_solid.ubulk" 478
"../../../Engine/Plugins/Animation/ControlRig/Content/Controls/ControlRig_HalfCircle_solid.uasset" 479
"../../../Engine/Plugins/Animation/ControlRig/Content/Controls/ControlRig_HalfCircle_solid.uexp" 480
"../../../Engine/Content/EngineMaterials/DefaultLightFunctionMaterial.uasset" 481
"../../../Engine/Content/EngineMaterials/DefaultLightFunctionMaterial.uexp" 482
"../../../Engine/Plugins/Animation/ControlRig/Content/Controls/ControlRig_Hexagon_1mm.ubulk" 483
"../../../Engine/Plugins/Animation/ControlRig/Content/Controls/ControlRig_Hexagon_1mm.uasset" 484
"../../../Engine/Plugins/Animation/ControlRig/Content/Controls/ControlRig_Hexagon_1mm.uexp" 485
"../../../Engine/Content/EngineResources/Black.uasset" 486
"../../../Engine/Content/EngineResources/Black.uexp" 487
"../../../Engine/Plugins/Animation/ControlRig/Content/Controls/ControlRig_Hexagon_3mm.ubulk" 488
"../../../Engine/Plugins/Animation/ControlRig/Content/Controls/ControlRig_Hexagon_3mm.uasset" 489
"../../../Engine/Plugins/Animation/ControlRig/Content/Controls/ControlRig_Hexagon_3mm.uexp" 490
"../../../Engine/Plugins/Animation/ControlRig/Content/Controls/ControlRig_Hexagon_solid.ubulk" 491
"../../../Engine/Plugins/Animation/ControlRig/Content/Controls/ControlRig_Hexagon_solid.uasset" 492
"../../../Engine/Plugins/Animation/ControlRig/Content/Controls/ControlRig_Hexagon_solid.uexp" 493
"../../../Engine/Content/EngineMaterials/DefaultPostProcessMaterial.uasset" 494
"../../../Engine/Content/EngineMaterials/DefaultPostProcessMaterial.uexp" 495
"../../../Engine/Content/EngineResources/DefaultTextureCube.uasset" 496
"../../../Engine/Content/EngineResources/DefaultTextureCube.uexp" 497
"../../../Engine/Content/EngineFonts/RobotoDistanceField.uasset" 498
"../../../Engine/Content/EngineFonts/RobotoDistanceField.uexp" 499
"../../../Engine/Content/EngineMaterials/DefaultTextMaterialOpaque.uasset" 500
"../../../Engine/Content/EngineMaterials/DefaultTextMaterialOpaque.uexp" 501
"../../../Engine/Content/EngineDamageTypes/DmgTypeBP_Environmental.uasset" 502
"../../../Engine/Content/EngineDamageTypes/DmgTypeBP_Environmental.uexp" 503
"../../../Engine/Content/EngineMaterials/DefaultWhiteGrid.ubulk" 504
"../../../Engine/Content/EngineMaterials/DefaultWhiteGrid.uasset" 505
"../../../Engine/Content/EngineMaterials/DefaultWhiteGrid.uexp" 506
"../../../Engine/Plugins/Animation/ControlRig/Content/Controls/ControlRig_Octagon_1mm.ubulk" 507
"../../../Engine/Plugins/Animation/ControlRig/Content/Controls/ControlRig_Octagon_1mm.uasset" 508
"../../../Engine/Plugins/Animation/ControlRig/Content/Controls/ControlRig_Octagon_1mm.uexp" 509
"../../../Engine/Plugins/Animation/ControlRig/Content/Controls/ControlRig_Octagon_3mm.ubulk" 510
"../../../Engine/Plugins/Animation/ControlRig/Content/Controls/ControlRig_Octagon_3mm.uasset" 511
"../../../Engine/Plugins/Animation/ControlRig/Content/Controls/ControlRig_Octagon_3mm.uexp" 512
"../../../Engine/Content/EngineMaterials/DefaultWhiteGrid_Low.uasset" 513
"../../../Engine/Content/EngineMaterials/DefaultWhiteGrid_Low.uexp" 514
"../../../Engine/Content/EngineMaterials/EmissiveMeshMaterial.uasset" 515
"../../../Engine/Content/EngineMaterials/EmissiveMeshMaterial.uexp" 516
"../../../Engine/Content/EngineResources/GradientTexture0.uasset" 517
"../../../Engine/Content/EngineResources/GradientTexture0.uexp" 518
"../../../Engine/Plugins/Animation/ControlRig/Content/Controls/ControlRig_Octagon_solid.ubulk" 519
"../../../Engine/Plugins/Animation/ControlRig/Content/Controls/ControlRig_Octagon_solid.uasset" 520
"../../../Engine/Plugins/Animation/ControlRig/Content/Controls/ControlRig_Octagon_solid.uexp" 521
"../../../Engine/Content/EngineMaterials/FastBlueNoise_scalar_128x128x64.uasset" 522
"../../../Engine/Content/EngineMaterials/FastBlueNoise_scalar_128x128x64.uexp" 523
"../../../Engine/Plugins/Animation/ControlRig/Content/Controls/ControlRig_Pyramid_1mm.ubulk" 524
"../../../Engine/Plugins/Animation/ControlRig/Content/Controls/ControlRig_Pyramid_1mm.uasset" 525
"../../../Engine/Plugins/Animation/ControlRig/Content/Controls/ControlRig_Pyramid_1mm.uexp" 526
"../../../Engine/Content/EngineMaterials/FastBlueNoise_scalar_128x128x8.uasset" 527
"../../../Engine/Content/EngineMaterials/FastBlueNoise_scalar_128x128x8.uexp" 528
"../../../Engine/Plugins/Animation/ControlRig/Content/Controls/ControlRig_Pyramid_3mm.ubulk" 529
"../../../Engine/Plugins/Animation/ControlRig/Content/Controls/ControlRig_Pyramid_3mm.uasset" 530
"../../../Engine/Plugins/Animation/ControlRig/Content/Controls/ControlRig_Pyramid_3mm.uexp" 531
"../../../Engine/Content/EngineMaterials/FastBlueNoise_vec2_128x128x64.uasset" 532
"../../../Engine/Content/EngineMaterials/FastBlueNoise_vec2_128x128x64.uexp" 533
"../../../Engine/Content/EngineDebugMaterials/DebugEditorMaterial.uasset" 534
"../../../Engine/Content/EngineDebugMaterials/DebugEditorMaterial.uexp" 535
"../../../Engine/Plugins/Animation/ControlRig/Content/Controls/ControlRig_Pyramid_solid.ubulk" 536
"../../../Engine/Plugins/Animation/ControlRig/Content/Controls/ControlRig_Pyramid_solid.uasset" 537
"../../../Engine/Plugins/Animation/ControlRig/Content/Controls/ControlRig_Pyramid_solid.uexp" 538
"../../../Engine/Content/EngineDebugMaterials/DebugMeshMaterial.uasset" 539
"../../../Engine/Content/EngineDebugMaterials/DebugMeshMaterial.uexp" 540
"../../../Engine/Content/EngineMaterials/BaseFlattenDiffuseMap.uasset" 541
"../../../Engine/Content/EngineMaterials/BaseFlattenDiffuseMap.uexp" 542
"../../../Engine/Content/EngineMaterials/BaseFlattenEmissiveMap.uasset" 543
"../../../Engine/Content/EngineMaterials/BaseFlattenEmissiveMap.uexp" 544
"../../../Engine/Content/EngineMaterials/BaseFlattenGrayscaleMap.uasset" 545
"../../../Engine/Content/EngineMaterials/BaseFlattenGrayscaleMap.uexp" 546
"../../../Engine/Content/EngineMaterials/BaseFlattenLinearColor.uasset" 547
"../../../Engine/Content/EngineMaterials/BaseFlattenLinearColor.uexp" 548
"../../../Engine/Content/EngineMaterials/BaseFlattenNormalMap.uasset" 549
"../../../Engine/Content/EngineMaterials/BaseFlattenNormalMap.uexp" 550
"../../../Engine/Content/Functions/Engine_MaterialFunctions02/PivotPainter2/Black_1x1_EXR_Texture.uasset" 551
"../../../Engine/Content/Functions/Engine_MaterialFunctions02/PivotPainter2/Black_1x1_EXR_Texture.uexp" 552
"../../../Engine/Content/EngineMaterials/FlattenMaterial.uasset" 553
"../../../Engine/Content/EngineMaterials/FlattenMaterial.uexp" 554
"../../../Engine/Content/EngineMaterials/BaseFlattenDiffuseMap_VT.ubulk" 555
"../../../Engine/Content/EngineMaterials/BaseFlattenDiffuseMap_VT.uasset" 556
"../../../Engine/Content/EngineMaterials/BaseFlattenDiffuseMap_VT.uexp" 557
"../../../Engine/Content/EngineMaterials/BaseFlattenEmissiveMap_VT.ubulk" 558
"../../../Engine/Content/EngineMaterials/BaseFlattenEmissiveMap_VT.uasset" 559
"../../../Engine/Content/EngineMaterials/BaseFlattenEmissiveMap_VT.uexp" 560
"../../../Engine/Content/EngineMaterials/BaseFlattenGrayscaleMap_VT.ubulk" 561
"../../../Engine/Content/EngineMaterials/BaseFlattenGrayscaleMap_VT.uasset" 562
"../../../Engine/Content/EngineMaterials/BaseFlattenGrayscaleMap_VT.uexp" 563
"../../../Engine/Content/EngineMaterials/BaseFlattenLinearColor_VT.ubulk" 564
"../../../Engine/Content/EngineMaterials/BaseFlattenLinearColor_VT.uasset" 565
"../../../Engine/Content/EngineMaterials/BaseFlattenLinearColor_VT.uexp" 566
"../../../Engine/Content/EngineMaterials/BaseFlattenNormalMap_VT.ubulk" 567
"../../../Engine/Content/EngineMaterials/BaseFlattenNormalMap_VT.uasset" 568
"../../../Engine/Content/EngineMaterials/BaseFlattenNormalMap_VT.uexp" 569
"../../../Engine/Content/EngineMaterials/Black_1x1_EXR_Texture_VT.ubulk" 570
"../../../Engine/Content/EngineMaterials/Black_1x1_EXR_Texture_VT.uasset" 571
"../../../Engine/Content/EngineMaterials/Black_1x1_EXR_Texture_VT.uexp" 572
"../../../Engine/Content/EngineMaterials/FlattenMaterial_VT.uasset" 573
"../../../Engine/Content/EngineMaterials/FlattenMaterial_VT.uexp" 574
"../../../Engine/Plugins/Animation/ControlRig/Content/Controls/ControlRig_QuarterCircle_1mm.ubulk" 575
"../../../Engine/Plugins/Animation/ControlRig/Content/Controls/ControlRig_QuarterCircle_1mm.uasset" 576
"../../../Engine/Plugins/Animation/ControlRig/Content/Controls/ControlRig_QuarterCircle_1mm.uexp" 577
"../../../Engine/Content/EngineMaterials/FlattenMaterial_WS_Normal_VT.uasset" 578
"../../../Engine/Content/EngineMaterials/FlattenMaterial_WS_Normal_VT.uexp" 579
"../../../Engine/Plugins/Animation/ControlRig/Content/Controls/ControlRig_QuarterCircle_3mm.ubulk" 580
"../../../Engine/Plugins/Animation/ControlRig/Content/Controls/ControlRig_QuarterCircle_3mm.uasset" 581
"../../../Engine/Plugins/Animation/ControlRig/Content/Controls/ControlRig_QuarterCircle_3mm.uexp" 582
"../../../Engine/Content/EngineMaterials/GizmoMaterial.uasset" 583
"../../../Engine/Content/EngineMaterials/GizmoMaterial.uexp" 584
"../../../Engine/Plugins/Animation/ControlRig/Content/Controls/ControlRig_QuarterCircle_solid.ubulk" 585
"../../../Engine/Plugins/Animation/ControlRig/Content/Controls/ControlRig_QuarterCircle_solid.uasset" 586
"../../../Engine/Plugins/Animation/ControlRig/Content/Controls/ControlRig_QuarterCircle_solid.uexp" 587
"../../../Engine/Plugins/Animation/ControlRig/Content/Controls/ControlRig_RoundedSquare_1mm.ubulk" 588
"../../../Engine/Plugins/Animation/ControlRig/Content/Controls/ControlRig_RoundedSquare_1mm.uasset" 589
"../../../Engine/Plugins/Animation/ControlRig/Content/Controls/ControlRig_RoundedSquare_1mm.uexp" 590
"../../../Engine/Plugins/Animation/ControlRig/Content/Controls/ControlRig_RoundedSquare_3mm.ubulk" 591
"../../../Engine/Plugins/Animation/ControlRig/Content/Controls/ControlRig_RoundedSquare_3mm.uasset" 592
"../../../Engine/Plugins/Animation/ControlRig/Content/Controls/ControlRig_RoundedSquare_3mm.uexp" 593
"../../../Engine/Plugins/Animation/ControlRig/Content/Controls/ControlRig_RoundedSquare_solid.ubulk" 594
"../../../Engine/Plugins/Animation/ControlRig/Content/Controls/ControlRig_RoundedSquare_solid.uasset" 595
"../../../Engine/Plugins/Animation/ControlRig/Content/Controls/ControlRig_RoundedSquare_solid.uexp" 596
"../../../Engine/Plugins/Interchange/Assets/Content/Substrate/MX_SimpleVolume.uasset" 597
"../../../Engine/Plugins/Interchange/Assets/Content/Substrate/MX_SimpleVolume.uexp" 598
"../../../Engine/Plugins/Animation/ControlRig/Content/Controls/ControlRig_RoundedTriangle_1mm.ubulk" 599
"../../../Engine/Plugins/Animation/ControlRig/Content/Controls/ControlRig_RoundedTriangle_1mm.uasset" 600
"../../../Engine/Plugins/Animation/ControlRig/Content/Controls/ControlRig_RoundedTriangle_1mm.uexp" 601
"../../../Engine/Plugins/Animation/ControlRig/Content/Controls/ControlRig_RoundedTriangle_3mm.ubulk" 602
"../../../Engine/Plugins/Animation/ControlRig/Content/Controls/ControlRig_RoundedTriangle_3mm.uasset" 603
"../../../Engine/Plugins/Animation/ControlRig/Content/Controls/ControlRig_RoundedTriangle_3mm.uexp" 604
"../../../Engine/Plugins/Animation/ControlRig/Content/Controls/ControlRig_RoundedTriangle_solid.ubulk" 605
"../../../Engine/Plugins/Animation/ControlRig/Content/Controls/ControlRig_RoundedTriangle_solid.uasset" 606
"../../../Engine/Plugins/Animation/ControlRig/Content/Controls/ControlRig_RoundedTriangle_solid.uexp" 607
"../../../Engine/Plugins/Animation/ControlRig/Content/Controls/ControlRig_Sphere_1mm.ubulk" 608
"../../../Engine/Plugins/Animation/ControlRig/Content/Controls/ControlRig_Sphere_1mm.uasset" 609
"../../../Engine/Plugins/Animation/ControlRig/Content/Controls/ControlRig_Sphere_1mm.uexp" 610
"../../../Engine/Plugins/Animation/ControlRig/Content/Controls/ControlRig_Sphere_3mm.ubulk" 611
"../../../Engine/Plugins/Animation/ControlRig/Content/Controls/ControlRig_Sphere_3mm.uasset" 612
"../../../Engine/Plugins/Animation/ControlRig/Content/Controls/ControlRig_Sphere_3mm.uexp" 613
"../../../Engine/Plugins/Runtime/HairStrands/Content/Materials/HairCardsDefaultMaterial.uasset" 614
"../../../Engine/Plugins/Runtime/HairStrands/Content/Materials/HairCardsDefaultMaterial.uexp" 615
"../../../Engine/Content/EditorMaterials/ParticleSystems/PSysThumbnail_NoImage.ubulk" 616
"../../../Engine/Content/EditorMaterials/ParticleSystems/PSysThumbnail_NoImage.uasset" 617
"../../../Engine/Content/EditorMaterials/ParticleSystems/PSysThumbnail_NoImage.uexp" 618
"../../../Engine/Plugins/Animation/ControlRig/Content/Controls/ControlRig_Sphere_solid.ubulk" 619
"../../../Engine/Plugins/Animation/ControlRig/Content/Controls/ControlRig_Sphere_solid.uasset" 620
"../../../Engine/Plugins/Animation/ControlRig/Content/Controls/ControlRig_Sphere_solid.uexp" 621
"../../../Engine/Content/Functions/Engine_MaterialFunctions02/Utility/MakeFloat2.uasset" 622
"../../../Engine/Content/Functions/Engine_MaterialFunctions02/Utility/MakeFloat2.uexp" 623
"../../../Engine/Content/EngineMaterials/HairColorMap.uasset" 624
"../../../Engine/Content/EngineMaterials/HairColorMap.uexp" 625
"../../../Engine/Content/EngineMaterials/HairDebugColor.uasset" 626
"../../../Engine/Content/EngineMaterials/HairDebugColor.uexp" 627
"../../../Engine/Plugins/Runtime/HairStrands/Content/Materials/HairGroupColors.uasset" 628
"../../../Engine/Plugins/Runtime/HairStrands/Content/Materials/HairGroupColors.uexp" 629
"../../../Engine/Plugins/Runtime/HairStrands/Content/Materials/HairDebugMaterial.uasset" 630
"../../../Engine/Plugins/Runtime/HairStrands/Content/Materials/HairDebugMaterial.uexp" 631
"../../../Engine/Content/EditorMaterials/ParticleSystems/PSysThumbnail_OOD.ubulk" 632
"../../../Engine/Content/EditorMaterials/ParticleSystems/PSysThumbnail_OOD.uasset" 633
"../../../Engine/Content/EditorMaterials/ParticleSystems/PSysThumbnail_OOD.uexp" 634
"../../../Engine/Plugins/Runtime/HairStrands/Content/Materials/HairDefaultMaterial.uasset" 635
"../../../Engine/Plugins/Runtime/HairStrands/Content/Materials/HairDefaultMaterial.uexp" 636
"../../../Engine/Plugins/Animation/ControlRig/Content/Controls/ControlRig_Square_1mm.ubulk" 637
"../../../Engine/Plugins/Animation/ControlRig/Content/Controls/ControlRig_Square_1mm.uasset" 638
"../../../Engine/Plugins/Animation/ControlRig/Content/Controls/ControlRig_Square_1mm.uexp" 639
"../../../Engine/Plugins/Runtime/HairStrands/Content/Materials/HairMeshesDefaultMaterial.uasset" 640
"../../../Engine/Plugins/Runtime/HairStrands/Content/Materials/HairMeshesDefaultMaterial.uexp" 641
"../../../Engine/Plugins/Animation/ControlRig/Content/Controls/ControlRig_Square_3mm.ubulk" 642
"../../../Engine/Plugins/Animation/ControlRig/Content/Controls/ControlRig_Square_3mm.uasset" 643
"../../../Engine/Plugins/Animation/ControlRig/Content/Controls/ControlRig_Square_3mm.uexp" 644
"../../../Engine/Plugins/Animation/ControlRig/Content/Controls/ControlRig_Square_solid.ubulk" 645
"../../../Engine/Plugins/Animation/ControlRig/Content/Controls/ControlRig_Square_solid.uasset" 646
"../../../Engine/Plugins/Animation/ControlRig/Content/Controls/ControlRig_Square_solid.uexp" 647
"../../../Engine/Plugins/Animation/ControlRig/Content/Controls/ControlRig_Star4_1mm.ubulk" 648
"../../../Engine/Plugins/Animation/ControlRig/Content/Controls/ControlRig_Star4_1mm.uasset" 649
"../../../Engine/Plugins/Animation/ControlRig/Content/Controls/ControlRig_Star4_1mm.uexp" 650
"../../../Engine/Content/EditorMaterials/Camera/CineMat.uasset" 651
"../../../Engine/Content/EditorMaterials/Camera/CineMat.uexp" 652
"../../../Engine/Content/EditorMaterials/Camera/MI_CineMat_Rig.uasset" 653
"../../../Engine/Content/EditorMaterials/Camera/MI_CineMat_Rig.uexp" 654
"../../../Engine/Content/EditorMeshes/Camera/SM_CraneRig_Arm.ubulk" 655
"../../../Engine/Content/EditorMeshes/Camera/SM_CraneRig_Arm.uasset" 656
"../../../Engine/Content/EditorMeshes/Camera/SM_CraneRig_Arm.uexp" 657
"../../../Engine/Plugins/Animation/ControlRig/Content/Controls/ControlRig_Star4_3mm.ubulk" 658
"../../../Engine/Plugins/Animation/ControlRig/Content/Controls/ControlRig_Star4_3mm.uasset" 659
"../../../Engine/Plugins/Animation/ControlRig/Content/Controls/ControlRig_Star4_3mm.uexp" 660
"../../../Engine/Plugins/Interchange/Assets/Content/Functions/MX_AbsorptionVDF.uasset" 661
"../../../Engine/Plugins/Interchange/Assets/Content/Functions/MX_AbsorptionVDF.uexp" 662
"../../../Engine/Content/EditorMeshes/Camera/SM_CraneRig_Base.ubulk" 663
"../../../Engine/Content/EditorMeshes/Camera/SM_CraneRig_Base.uasset" 664
"../../../Engine/Content/EditorMeshes/Camera/SM_CraneRig_Base.uexp" 665
"../../../Engine/Plugins/Animation/ControlRig/Content/Controls/ControlRig_Star4_solid.ubulk" 666
"../../../Engine/Plugins/Animation/ControlRig/Content/Controls/ControlRig_Star4_solid.uasset" 667
"../../../Engine/Plugins/Animation/ControlRig/Content/Controls/ControlRig_Star4_solid.uexp" 668
"../../../Engine/Content/EditorMeshes/Camera/SM_CraneRig_Body.ubulk" 669
"../../../Engine/Content/EditorMeshes/Camera/SM_CraneRig_Body.uasset" 670
"../../../Engine/Content/EditorMeshes/Camera/SM_CraneRig_Body.uexp" 671
"../../../Engine/Content/EditorMeshes/Camera/SM_CraneRig_Mount.ubulk" 672
"../../../Engine/Content/EditorMeshes/Camera/SM_CraneRig_Mount.uasset" 673
"../../../Engine/Content/EditorMeshes/Camera/SM_CraneRig_Mount.uexp" 674
"../../../Engine/Plugins/Animation/ControlRig/Content/Controls/ControlRig_Triangle_1mm.ubulk" 675
"../../../Engine/Plugins/Animation/ControlRig/Content/Controls/ControlRig_Triangle_1mm.uasset" 676
"../../../Engine/Plugins/Animation/ControlRig/Content/Controls/ControlRig_Triangle_1mm.uexp" 677
"../../../Engine/Content/EditorMeshes/Camera/SM_RailRig_Mount.ubulk" 678
"../../../Engine/Content/EditorMeshes/Camera/SM_RailRig_Mount.uasset" 679
"../../../Engine/Content/EditorMeshes/Camera/SM_RailRig_Mount.uexp" 680
"../../../Engine/Plugins/Runtime/AudioWidgets/Content/Resources/ScrubHandleDown_Clamped.uasset" 681
"../../../Engine/Plugins/Runtime/AudioWidgets/Content/Resources/ScrubHandleDown_Clamped.uexp" 682
"../../../Engine/Plugins/Interchange/Assets/Content/Functions/MX_AnisotropicVDF.uasset" 683
"../../../Engine/Plugins/Interchange/Assets/Content/Functions/MX_AnisotropicVDF.uexp" 684
"../../../Engine/Plugins/Animation/ControlRig/Content/Controls/ControlRig_Triangle_3mm.ubulk" 685
"../../../Engine/Plugins/Animation/ControlRig/Content/Controls/ControlRig_Triangle_3mm.uasset" 686
"../../../Engine/Plugins/Animation/ControlRig/Content/Controls/ControlRig_Triangle_3mm.uexp" 687
"../../../Engine/Plugins/Interchange/Assets/Content/Functions/MX_BurleyDiffuseBSDF.uasset" 688
"../../../Engine/Plugins/Interchange/Assets/Content/Functions/MX_BurleyDiffuseBSDF.uexp" 689
"../../../Engine/Content/EngineMaterials/EnergyConservation/Diffuse_Energy.uasset" 690
"../../../Engine/Content/EngineMaterials/EnergyConservation/Diffuse_Energy.uexp" 691
"../../../Engine/Plugins/Animation/ControlRig/Content/Controls/ControlRig_Triangle_solid.ubulk" 692
"../../../Engine/Plugins/Animation/ControlRig/Content/Controls/ControlRig_Triangle_solid.uasset" 693
"../../../Engine/Plugins/Animation/ControlRig/Content/Controls/ControlRig_Triangle_solid.uexp" 694
"../../../Engine/Content/EngineMaterials/EnergyConservation/GGX_ReflectionEnergy.uasset" 695
"../../../Engine/Content/EngineMaterials/EnergyConservation/GGX_ReflectionEnergy.uexp" 696
"../../../Engine/Plugins/Interchange/Assets/Content/Functions/MX_ChiangHairBSDF.uasset" 697
"../../../Engine/Plugins/Interchange/Assets/Content/Functions/MX_ChiangHairBSDF.uexp" 698
"../../../Engine/Plugins/Animation/ControlRig/Content/Controls/ControlRig_Wedge_1mm.ubulk" 699
"../../../Engine/Plugins/Animation/ControlRig/Content/Controls/ControlRig_Wedge_1mm.uasset" 700
"../../../Engine/Plugins/Animation/ControlRig/Content/Controls/ControlRig_Wedge_1mm.uexp" 701
"../../../Engine/Content/EngineMaterials/EnergyConservation/GGX_TransmissionEnergyArray.uasset" 702
"../../../Engine/Content/EngineMaterials/EnergyConservation/GGX_TransmissionEnergyArray.uexp" 703
"../../../Engine/Content/EditorMeshes/Camera/SM_RailRig_Track.ubulk" 704
"../../../Engine/Content/EditorMeshes/Camera/SM_RailRig_Track.uasset" 705
"../../../Engine/Content/EditorMeshes/Camera/SM_RailRig_Track.uexp" 706
"../../../Engine/Plugins/Animation/ControlRig/Content/Controls/ControlRig_Wedge_3mm.ubulk" 707
"../../../Engine/Plugins/Animation/ControlRig/Content/Controls/ControlRig_Wedge_3mm.uasset" 708
"../../../Engine/Plugins/Animation/ControlRig/Content/Controls/ControlRig_Wedge_3mm.uexp" 709
"../../../Engine/Content/EngineMaterials/EnergyConservation/SheenLegacy_Energy.uasset" 710
"../../../Engine/Content/EngineMaterials/EnergyConservation/SheenLegacy_Energy.uexp" 711
"../../../Engine/Plugins/Interchange/Assets/Content/Functions/MX_ConductorBSDF.uasset" 712
"../../../Engine/Plugins/Interchange/Assets/Content/Functions/MX_ConductorBSDF.uexp" 713
"../../../Engine/Content/EngineMaterials/EnergyConservation/Sheen_Energy.uasset" 714
"../../../Engine/Content/EngineMaterials/EnergyConservation/Sheen_Energy.uexp" 715
"../../../Engine/Plugins/Animation/ControlRig/Content/Controls/ControlRig_Wedge_solid.ubulk" 716
"../../../Engine/Plugins/Animation/ControlRig/Content/Controls/ControlRig_Wedge_solid.uasset" 717
"../../../Engine/Plugins/Animation/ControlRig/Content/Controls/ControlRig_Wedge_solid.uexp" 718
"../../../Engine/Content/EngineMaterials/LTC/GGX_LTCAmp.uasset" 719
"../../../Engine/Content/EngineMaterials/LTC/GGX_LTCAmp.uexp" 720
"../../../Engine/Plugins/Interchange/Assets/Content/Functions/MX_ConicalEDF.uasset" 721
"../../../Engine/Plugins/Interchange/Assets/Content/Functions/MX_ConicalEDF.uexp" 722
"../../../Engine/Content/EngineMaterials/LTC/GGX_LTCMat.uasset" 723
"../../../Engine/Content/EngineMaterials/LTC/GGX_LTCMat.uexp" 724
"../../../Engine/Content/EngineMaterials/LTC/Sheen_LTC.uasset" 725
"../../../Engine/Content/EngineMaterials/LTC/Sheen_LTC.uexp" 726
"../../../Engine/Content/EngineResources/Development/ZenLogo_64.uasset" 727
"../../../Engine/Content/EngineResources/Development/ZenLogo_64.uexp" 728
"../../../Engine/Content/EditorMaterials/Dataflow/DataflowTwoSidedVertexMaterial.uasset" 729
"../../../Engine/Content/EditorMaterials/Dataflow/DataflowTwoSidedVertexMaterial.uexp" 730
"../../../Engine/Content/EngineResources/FilmGrains/Marcie_Grain_v3_128_M2_000.uasset" 731
"../../../Engine/Content/EngineResources/FilmGrains/Marcie_Grain_v3_128_M2_000.uexp" 732
"../../../Engine/Content/EditorMaterials/Dataflow/DataflowVertexMaterial.uasset" 733
"../../../Engine/Content/EditorMaterials/Dataflow/DataflowVertexMaterial.uexp" 734
"../../../Engine/Content/VREditor/TransformGizmo/BoundingBoxCorner.ubulk" 735
"../../../Engine/Content/VREditor/TransformGizmo/BoundingBoxCorner.uasset" 736
"../../../Engine/Content/VREditor/TransformGizmo/BoundingBoxCorner.uexp" 737
"../../../Engine/Content/VREditor/TransformGizmo/BoundingBoxEdge.ubulk" 738
"../../../Engine/Content/VREditor/TransformGizmo/BoundingBoxEdge.uasset" 739
"../../../Engine/Content/VREditor/TransformGizmo/BoundingBoxEdge.uexp" 740
"../../../Engine/Plugins/Animation/DeformerGraph/Content/DeformerFunctions/DG_Function_LinearBlendSkin_Morph_Cloth.uasset" 741
"../../../Engine/Plugins/Animation/DeformerGraph/Content/DeformerFunctions/DG_Function_LinearBlendSkin_Morph_Cloth.uexp" 742
"../../../Engine/Plugins/Animation/DeformerGraph/Content/Deformers/DG_LinearBlendSkin_Morph_Cloth.uasset" 743
"../../../Engine/Plugins/Animation/DeformerGraph/Content/Deformers/DG_LinearBlendSkin_Morph_Cloth.uexp" 744
"../../../Engine/Plugins/Animation/DeformerGraph/Content/DeformerFunctions/DG_Function_ComputeNormalsTangents.uasset" 745
"../../../Engine/Plugins/Animation/DeformerGraph/Content/DeformerFunctions/DG_Function_ComputeNormalsTangents.uexp" 746
"../../../Engine/Plugins/Animation/DeformerGraph/Content/DeformerFunctions/DG_Function_LinearBlendSkin_Morph_Cloth_PositionOnly.uasset" 747
"../../../Engine/Plugins/Animation/DeformerGraph/Content/DeformerFunctions/DG_Function_LinearBlendSkin_Morph_Cloth_PositionOnly.uexp" 748
"../../../Engine/Plugins/Animation/DeformerGraph/Content/Deformers/DG_LinearBlendSkin_Morph_Cloth_RecomputeNormals.uasset" 749
"../../../Engine/Plugins/Animation/DeformerGraph/Content/Deformers/DG_LinearBlendSkin_Morph_Cloth_RecomputeNormals.uexp" 750
"../../../Engine/Content/Functions/Engine_MaterialFunctions01/Texturing/FlattenNormal.uasset" 751
"../../../Engine/Content/Functions/Engine_MaterialFunctions01/Texturing/FlattenNormal.uexp" 752
"../../../Engine/Content/Functions/Engine_MaterialFunctions03/Math/RemapValueRange.uasset" 753
"../../../Engine/Content/Functions/Engine_MaterialFunctions03/Math/RemapValueRange.uexp" 754
"../../../Engine/Plugins/Interchange/Assets/Content/Utilities/New_LUT.uasset" 755
"../../../Engine/Plugins/Interchange/Assets/Content/Utilities/New_LUT.uexp" 756
"../../../Engine/Plugins/Interchange/Assets/Content/Functions/MF_Iridescence.uasset" 757
"../../../Engine/Plugins/Interchange/Assets/Content/Functions/MF_Iridescence.uexp" 758
"../../../Engine/Plugins/Interchange/Assets/Content/gltf/Textures/T_White_srgb.uasset" 759
"../../../Engine/Plugins/Interchange/Assets/Content/gltf/Textures/T_White_srgb.uexp" 760
"../../../Engine/Plugins/Interchange/Assets/Content/gltf/MaterialFunctions/MF_BaseColor.uasset" 761
"../../../Engine/Plugins/Interchange/Assets/Content/gltf/MaterialFunctions/MF_BaseColor.uexp" 762
"../../../Engine/Plugins/Interchange/Assets/Content/gltf/MaterialFunctions/MF_RotateNormals_TS.uasset" 763
"../../../Engine/Plugins/Interchange/Assets/Content/gltf/MaterialFunctions/MF_RotateNormals_TS.uexp" 764
"../../../Engine/Plugins/Interchange/Assets/Content/gltf/Textures/T_Generic_N.uasset" 765
"../../../Engine/Plugins/Interchange/Assets/Content/gltf/Textures/T_Generic_N.uexp" 766
"../../../Engine/Plugins/Interchange/Assets/Content/gltf/Textures/T_White_Linear.uasset" 767
"../../../Engine/Plugins/Interchange/Assets/Content/gltf/Textures/T_White_Linear.uexp" 768
"../../../Engine/Plugins/Interchange/Assets/Content/gltf/MaterialFunctions/MF_Clearcoat.uasset" 769
"../../../Engine/Plugins/Interchange/Assets/Content/gltf/MaterialFunctions/MF_Clearcoat.uexp" 770
"../../../Engine/Plugins/Interchange/Assets/Content/gltf/MaterialFunctions/MF_Emissive.uasset" 771
"../../../Engine/Plugins/Interchange/Assets/Content/gltf/MaterialFunctions/MF_Emissive.uexp" 772
"../../../Engine/Plugins/Interchange/Assets/Content/gltf/MaterialFunctions/MF_IOR.uasset" 773
"../../../Engine/Plugins/Interchange/Assets/Content/gltf/MaterialFunctions/MF_IOR.uexp" 774
"../../../Engine/Plugins/Interchange/Assets/Content/gltf/MaterialFunctions/MF_Iridescence.uasset" 775
"../../../Engine/Plugins/Interchange/Assets/Content/gltf/MaterialFunctions/MF_Iridescence.uexp" 776
"../../../Engine/Plugins/Interchange/Assets/Content/gltf/MaterialFunctions/MF_MetallicRoughness.uasset" 777
"../../../Engine/Plugins/Interchange/Assets/Content/gltf/MaterialFunctions/MF_MetallicRoughness.uexp" 778
"../../../Engine/Plugins/Interchange/Assets/Content/gltf/MaterialFunctions/MF_ScaleNormal.uasset" 779
"../../../Engine/Plugins/Interchange/Assets/Content/gltf/MaterialFunctions/MF_ScaleNormal.uexp" 780
"../../../Engine/Plugins/Interchange/Assets/Content/gltf/MaterialFunctions/MF_Normals.uasset" 781
"../../../Engine/Plugins/Interchange/Assets/Content/gltf/MaterialFunctions/MF_Normals.uexp" 782
"../../../Engine/Plugins/Interchange/Assets/Content/gltf/MaterialFunctions/MF_Occlusion.uasset" 783
"../../../Engine/Plugins/Interchange/Assets/Content/gltf/MaterialFunctions/MF_Occlusion.uexp" 784
"../../../Engine/Plugins/Interchange/Assets/Content/gltf/MaterialFunctions/MF_Specular.uasset" 785
"../../../Engine/Plugins/Interchange/Assets/Content/gltf/MaterialFunctions/MF_Specular.uexp" 786
"../../../Engine/Plugins/Interchange/Assets/Content/gltf/Textures/T_Anisotropy_Direction_Linear.uasset" 787
"../../../Engine/Plugins/Interchange/Assets/Content/gltf/Textures/T_Anisotropy_Direction_Linear.uexp" 788
"../../../Engine/Plugins/Interchange/Assets/Content/gltf/MaterialFunctions/MF_SpecularAnisotropy.uasset" 789
"../../../Engine/Plugins/Interchange/Assets/Content/gltf/MaterialFunctions/MF_SpecularAnisotropy.uexp" 790
"../../../Engine/Plugins/Interchange/Assets/Content/gltf/MaterialFunctions/MF_RotateV2.uasset" 791
"../../../Engine/Plugins/Interchange/Assets/Content/gltf/MaterialFunctions/MF_RotateV2.uexp" 792
"../../../Engine/Plugins/Interchange/Assets/Content/gltf/MaterialFunctions/MF_TransformUVs.uasset" 793
"../../../Engine/Plugins/Interchange/Assets/Content/gltf/MaterialFunctions/MF_TransformUVs.uexp" 794
"../../../Engine/Plugins/Interchange/Assets/Content/gltf/MaterialBodies/MF_ClearCoat_Body.uasset" 795
"../../../Engine/Plugins/Interchange/Assets/Content/gltf/MaterialBodies/MF_ClearCoat_Body.uexp" 796
"../../../Engine/Plugins/Interchange/Assets/Content/gltf/M_ClearCoat.uasset" 797
"../../../Engine/Plugins/Interchange/Assets/Content/gltf/M_ClearCoat.uexp" 798
"../../../Engine/Plugins/Interchange/Assets/Content/gltf/MaterialInstances/MI_ClearCoat_Blend.uasset" 799
"../../../Engine/Plugins/Interchange/Assets/Content/gltf/MaterialInstances/MI_ClearCoat_Blend.uexp" 800
"../../../Engine/Plugins/Interchange/Assets/Content/gltf/MaterialInstances/MI_ClearCoat_Blend_DS.uasset" 801
"../../../Engine/Plugins/Interchange/Assets/Content/gltf/MaterialInstances/MI_ClearCoat_Blend_DS.uexp" 802
"../../../Engine/Plugins/Interchange/Assets/Content/gltf/MaterialInstances/MI_ClearCoat_Mask.uasset" 803
"../../../Engine/Plugins/Interchange/Assets/Content/gltf/MaterialInstances/MI_ClearCoat_Mask.uexp" 804
"../../../Engine/Plugins/Interchange/Assets/Content/gltf/MaterialInstances/MI_ClearCoat_Mask_DS.uasset" 805
"../../../Engine/Plugins/Interchange/Assets/Content/gltf/MaterialInstances/MI_ClearCoat_Mask_DS.uexp" 806
"../../../Engine/Plugins/Interchange/Assets/Content/gltf/MaterialInstances/MI_ClearCoat_Opaque.uasset" 807
"../../../Engine/Plugins/Interchange/Assets/Content/gltf/MaterialInstances/MI_ClearCoat_Opaque.uexp" 808
"../../../Engine/Plugins/Interchange/Assets/Content/gltf/MaterialInstances/MI_ClearCoat_Opaque_DS.uasset" 809
"../../../Engine/Plugins/Interchange/Assets/Content/gltf/MaterialInstances/MI_ClearCoat_Opaque_DS.uexp" 810
"../../../Engine/Plugins/Interchange/Assets/Content/gltf/MaterialBodies/MF_Default_Body.uasset" 811
"../../../Engine/Plugins/Interchange/Assets/Content/gltf/MaterialBodies/MF_Default_Body.uexp" 812
"../../../Engine/Plugins/Interchange/Assets/Content/gltf/M_Default.uasset" 813
"../../../Engine/Plugins/Interchange/Assets/Content/gltf/M_Default.uexp" 814
"../../../Engine/Plugins/Interchange/Assets/Content/gltf/MaterialInstances/MI_Default_Blend.uasset" 815
"../../../Engine/Plugins/Interchange/Assets/Content/gltf/MaterialInstances/MI_Default_Blend.uexp" 816
"../../../Engine/Plugins/Interchange/Assets/Content/gltf/MaterialInstances/MI_Default_Mask.uasset" 817
"../../../Engine/Plugins/Interchange/Assets/Content/gltf/MaterialInstances/MI_Default_Mask.uexp" 818
"../../../Engine/Plugins/Interchange/Assets/Content/gltf/MaterialInstances/MI_Default_Mask_DS.uasset" 819
"../../../Engine/Plugins/Interchange/Assets/Content/gltf/MaterialInstances/MI_Default_Mask_DS.uexp" 820
"../../../Engine/Plugins/Interchange/Assets/Content/gltf/MaterialInstances/MI_Default_Opaque.uasset" 821
"../../../Engine/Plugins/Interchange/Assets/Content/gltf/MaterialInstances/MI_Default_Opaque.uexp" 822
"../../../Engine/Plugins/Interchange/Assets/Content/gltf/MaterialFunctions/MF_Sheen.uasset" 823
"../../../Engine/Plugins/Interchange/Assets/Content/gltf/MaterialFunctions/MF_Sheen.uexp" 824
"../../../Engine/Plugins/Interchange/Assets/Content/gltf/MaterialBodies/MF_Sheen_Body.uasset" 825
"../../../Engine/Plugins/Interchange/Assets/Content/gltf/MaterialBodies/MF_Sheen_Body.uexp" 826
"../../../Engine/Plugins/Interchange/Assets/Content/gltf/M_Sheen.uasset" 827
"../../../Engine/Plugins/Interchange/Assets/Content/gltf/M_Sheen.uexp" 828
"../../../Engine/Plugins/Interchange/Assets/Content/gltf/MaterialInstances/MI_Sheen_Blend.uasset" 829
"../../../Engine/Plugins/Interchange/Assets/Content/gltf/MaterialInstances/MI_Sheen_Blend.uexp" 830
"../../../Engine/Plugins/Interchange/Assets/Content/gltf/MaterialInstances/MI_Sheen_Blend_DS.uasset" 831
"../../../Engine/Plugins/Interchange/Assets/Content/gltf/MaterialInstances/MI_Sheen_Blend_DS.uexp" 832
"../../../Engine/Plugins/Interchange/Assets/Content/gltf/MaterialInstances/MI_Sheen_Mask.uasset" 833
"../../../Engine/Plugins/Interchange/Assets/Content/gltf/MaterialInstances/MI_Sheen_Mask.uexp" 834
"../../../Engine/Plugins/Interchange/Assets/Content/gltf/MaterialInstances/MI_Sheen_Mask_DS.uasset" 835
"../../../Engine/Plugins/Interchange/Assets/Content/gltf/MaterialInstances/MI_Sheen_Mask_DS.uexp" 836
"../../../Engine/Plugins/Interchange/Assets/Content/gltf/MaterialInstances/MI_Sheen_Opaque.uasset" 837
"../../../Engine/Plugins/Interchange/Assets/Content/gltf/MaterialInstances/MI_Sheen_Opaque.uexp" 838
"../../../Engine/Plugins/Interchange/Assets/Content/gltf/MaterialInstances/MI_Sheen_Opaque_DS.uasset" 839
"../../../Engine/Plugins/Interchange/Assets/Content/gltf/MaterialInstances/MI_Sheen_Opaque_DS.uexp" 840
"../../../Engine/Plugins/Interchange/Assets/Content/gltf/MaterialFunctions/MF_DiffuseSpecGloss.uasset" 841
"../../../Engine/Plugins/Interchange/Assets/Content/gltf/MaterialFunctions/MF_DiffuseSpecGloss.uexp" 842
"../../../Engine/Plugins/Interchange/Assets/Content/gltf/MaterialFunctions/MF_MaxComponentValue.uasset" 843
"../../../Engine/Plugins/Interchange/Assets/Content/gltf/MaterialFunctions/MF_MaxComponentValue.uexp" 844
"../../../Engine/Content/Functions/Engine_MaterialFunctions02/Math/AddComponents.uasset" 845
"../../../Engine/Content/Functions/Engine_MaterialFunctions02/Math/AddComponents.uexp" 846
"../../../Engine/Plugins/Interchange/Assets/Content/gltf/MaterialFunctions/MF_PerceivedBrightness.uasset" 847
"../../../Engine/Plugins/Interchange/Assets/Content/gltf/MaterialFunctions/MF_PerceivedBrightness.uexp" 848
"../../../Engine/Plugins/Interchange/Assets/Content/gltf/MaterialFunctions/MF_SpecGlossToMetalRoughness.uasset" 849
"../../../Engine/Plugins/Interchange/Assets/Content/gltf/MaterialFunctions/MF_SpecGlossToMetalRoughness.uexp" 850
"../../../Engine/Plugins/Interchange/Assets/Content/gltf/MaterialBodies/MF_SpecularGlossiness_Body.uasset" 851
"../../../Engine/Plugins/Interchange/Assets/Content/gltf/MaterialBodies/MF_SpecularGlossiness_Body.uexp" 852
"../../../Engine/Plugins/Interchange/Assets/Content/gltf/M_SpecularGlossiness.uasset" 853
"../../../Engine/Plugins/Interchange/Assets/Content/gltf/M_SpecularGlossiness.uexp" 854
"../../../Engine/Plugins/Interchange/Assets/Content/gltf/MaterialInstances/MI_SpecularGlossiness_Blend.uasset" 855
"../../../Engine/Plugins/Interchange/Assets/Content/gltf/MaterialInstances/MI_SpecularGlossiness_Blend.uexp" 856
"../../../Engine/Plugins/Interchange/Assets/Content/gltf/MaterialInstances/MI_SpecularGlossiness_Blend_DS.uasset" 857
"../../../Engine/Plugins/Interchange/Assets/Content/gltf/MaterialInstances/MI_SpecularGlossiness_Blend_DS.uexp" 858
"../../../Engine/Plugins/Interchange/Assets/Content/gltf/MaterialInstances/MI_SpecularGlossiness_Mask.uasset" 859
"../../../Engine/Plugins/Interchange/Assets/Content/gltf/MaterialInstances/MI_SpecularGlossiness_Mask.uexp" 860
"../../../Engine/Content/ArtTools/RenderToTexture/Meshes/S_1_Unit_Plane.ubulk" 861
"../../../Engine/Content/ArtTools/RenderToTexture/Meshes/S_1_Unit_Plane.uasset" 862
"../../../Engine/Content/ArtTools/RenderToTexture/Meshes/S_1_Unit_Plane.uexp" 863
"../../../Engine/Plugins/Interchange/Assets/Content/gltf/MaterialInstances/MI_SpecularGlossiness_Mask_DS.uasset" 864
"../../../Engine/Plugins/Interchange/Assets/Content/gltf/MaterialInstances/MI_SpecularGlossiness_Mask_DS.uexp" 865
"../../../Engine/Plugins/Interchange/Assets/Content/gltf/MaterialInstances/MI_SpecularGlossiness_Opaque.uasset" 866
"../../../Engine/Plugins/Interchange/Assets/Content/gltf/MaterialInstances/MI_SpecularGlossiness_Opaque.uexp" 867
"../../../Engine/Plugins/Interchange/Assets/Content/gltf/MaterialInstances/MI_SpecularGlossiness_Opaque_DS.uasset" 868
"../../../Engine/Plugins/Interchange/Assets/Content/gltf/MaterialInstances/MI_SpecularGlossiness_Opaque_DS.uexp" 869
"../../../Engine/Content/EngineMaterials/Good64x64TilingNoiseHighFreq.uasset" 870
"../../../Engine/Content/EngineMaterials/Good64x64TilingNoiseHighFreq.uexp" 871
"../../../Engine/Content/Functions/Engine_MaterialFunctions02/Texturing/ScreenAlignedPixelToPixelUVs.uasset" 872
"../../../Engine/Content/Functions/Engine_MaterialFunctions02/Texturing/ScreenAlignedPixelToPixelUVs.uexp" 873
"../../../Engine/Plugins/Interchange/Assets/Content/gltf/MaterialFunctions/MF_Fresnel_DS.uasset" 874
"../../../Engine/Plugins/Interchange/Assets/Content/gltf/MaterialFunctions/MF_Fresnel_DS.uexp" 875
"../../../Engine/Plugins/Interchange/Assets/Content/gltf/MaterialFunctions/MF_Temporal_Blur.uasset" 876
"../../../Engine/Plugins/Interchange/Assets/Content/gltf/MaterialFunctions/MF_Temporal_Blur.uexp" 877
"../../../Engine/Plugins/Interchange/Assets/Content/gltf/MaterialFunctions/MF_Transmission.uasset" 878
"../../../Engine/Plugins/Interchange/Assets/Content/gltf/MaterialFunctions/MF_Transmission.uexp" 879
"../../../Engine/Plugins/Interchange/Assets/Content/gltf/MaterialBodies/MF_Transmission_Body.uasset" 880
"../../../Engine/Plugins/Interchange/Assets/Content/gltf/MaterialBodies/MF_Transmission_Body.uexp" 881
"../../../Engine/Plugins/Interchange/Assets/Content/gltf/M_Transmission.uasset" 882
"../../../Engine/Plugins/Interchange/Assets/Content/gltf/M_Transmission.uexp" 883
"../../../Engine/Plugins/Interchange/Assets/Content/gltf/MaterialInstances/MI_Transmission.uasset" 884
"../../../Engine/Plugins/Interchange/Assets/Content/gltf/MaterialInstances/MI_Transmission.uexp" 885
"../../../Engine/Plugins/Interchange/Assets/Content/gltf/MaterialInstances/MI_Transmission_DS.uasset" 886
"../../../Engine/Plugins/Interchange/Assets/Content/gltf/MaterialInstances/MI_Transmission_DS.uexp" 887
"../../../Engine/Plugins/Interchange/Assets/Content/gltf/MaterialBodies/MF_Unlit_Body.uasset" 888
"../../../Engine/Plugins/Interchange/Assets/Content/gltf/MaterialBodies/MF_Unlit_Body.uexp" 889
"../../../Engine/Plugins/Interchange/Assets/Content/gltf/M_Unlit.uasset" 890
"../../../Engine/Plugins/Interchange/Assets/Content/gltf/M_Unlit.uexp" 891
"../../../Engine/Plugins/Interchange/Assets/Content/gltf/MaterialInstances/MI_Unlit_Blend.uasset" 892
"../../../Engine/Plugins/Interchange/Assets/Content/gltf/MaterialInstances/MI_Unlit_Blend.uexp" 893
"../../../Engine/Plugins/Interchange/Assets/Content/gltf/MaterialInstances/MI_Unlit_Blend_DS.uasset" 894
"../../../Engine/Plugins/Interchange/Assets/Content/gltf/MaterialInstances/MI_Unlit_Blend_DS.uexp" 895
"../../../Engine/Plugins/Interchange/Assets/Content/gltf/MaterialInstances/MI_Unlit_Mask.uasset" 896
"../../../Engine/Plugins/Interchange/Assets/Content/gltf/MaterialInstances/MI_Unlit_Mask.uexp" 897
"../../../Engine/Plugins/Interchange/Assets/Content/gltf/MaterialInstances/MI_Unlit_Mask_DS.uasset" 898
"../../../Engine/Plugins/Interchange/Assets/Content/gltf/MaterialInstances/MI_Unlit_Mask_DS.uexp" 899
"../../../Engine/Plugins/Interchange/Assets/Content/gltf/MaterialInstances/MI_Unlit_Opaque.uasset" 900
"../../../Engine/Plugins/Interchange/Assets/Content/gltf/MaterialInstances/MI_Unlit_Opaque.uexp" 901
"../../../Engine/Plugins/Interchange/Assets/Content/gltf/MaterialInstances/MI_Unlit_Opaque_DS.uasset" 902
"../../../Engine/Plugins/Interchange/Assets/Content/gltf/MaterialInstances/MI_Unlit_Opaque_DS.uexp" 903
"../../../Engine/Content/EngineMaterials/Substrate/GLints/AGlintTex2dArray.uasset" 904
"../../../Engine/Content/EngineMaterials/Substrate/GLints/AGlintTex2dArray.uexp" 905
"../../../Engine/Content/EngineMaterials/Substrate/Glints2/AGlintTex2dArray2.uasset" 906
"../../../Engine/Content/EngineMaterials/Substrate/Glints2/AGlintTex2dArray2.uexp" 907
"../../../Engine/Content/EditorResources/SequenceRecorder/Countdown.uasset" 908
"../../../Engine/Content/EditorResources/SequenceRecorder/Countdown.uexp" 909
"../../../Engine/Content/EditorResources/SequenceRecorder/RecordingIndicator.uasset" 910
"../../../Engine/Content/EditorResources/SequenceRecorder/RecordingIndicator.uexp" 911
"../../../Engine/Content/EngineMaterials/Substrate/Volume/SubstrateSimpleVolumeEnvLUT3D.uasset" 912
"../../../Engine/Content/EngineMaterials/Substrate/Volume/SubstrateSimpleVolumeEnvLUT3D.uexp" 913
"../../../Engine/Content/EngineMaterials/Substrate/Volume/SubstrateSimpleVolumeLUT3D.uasset" 914
"../../../Engine/Content/EngineMaterials/Substrate/Volume/SubstrateSimpleVolumeLUT3D.uexp" 915
"../../../Engine/Content/Functions/Engine_MaterialFunctions01/Shading/ConvertFromDiffSpec.uasset" 916
"../../../Engine/Content/Functions/Engine_MaterialFunctions01/Shading/ConvertFromDiffSpec.uexp" 917
"../../../Engine/Content/Functions/Engine_MaterialFunctions01/Shading/PowerToRoughness.uasset" 918
"../../../Engine/Content/Functions/Engine_MaterialFunctions01/Shading/PowerToRoughness.uexp" 919
"E:/UnrealEngine/VITC_Smart_city/Content/Input/Actions/IA_Look.uasset" 920
"E:/UnrealEngine/VITC_Smart_city/Content/Input/Actions/IA_Look.uexp" 921
"E:/UnrealEngine/VITC_Smart_city/Content/Input/Actions/IA_Move.uasset" 922
"E:/UnrealEngine/VITC_Smart_city/Content/Input/Actions/IA_Move.uexp" 923
"E:/UnrealEngine/VITC_Smart_city/Content/Input/Actions/IA_MouseLook.uasset" 924
"E:/UnrealEngine/VITC_Smart_city/Content/Input/Actions/IA_MouseLook.uexp" 925
"E:/UnrealEngine/VITC_Smart_city/Content/Input/Touch/BPI_TouchInterface.uasset" 926
"E:/UnrealEngine/VITC_Smart_city/Content/Input/Touch/BPI_TouchInterface.uexp" 927
"E:/UnrealEngine/VITC_Smart_city/Content/VIT/character/character_Skeleton.uasset" 928
"E:/UnrealEngine/VITC_Smart_city/Content/VIT/character/character_Skeleton.uexp" 929
"../../../Engine/Plugins/Animation/ACLPlugin/Content/ACLAnimBoneCompressionSettings.uasset" 930
"../../../Engine/Plugins/Animation/ACLPlugin/Content/ACLAnimBoneCompressionSettings.uexp" 931
"../../../Engine/Plugins/Animation/ACLPlugin/Content/ACLAnimCurveCompressionSettings.uasset" 932
"../../../Engine/Plugins/Animation/ACLPlugin/Content/ACLAnimCurveCompressionSettings.uexp" 933
"../../../Engine/Content/Animation/DefaultVariableFrameStrippingSettings.uasset" 934
"../../../Engine/Content/Animation/DefaultVariableFrameStrippingSettings.uexp" 935
"E:/UnrealEngine/VITC_Smart_city/Content/VIT/character/animama/Idle.uasset" 936
"E:/UnrealEngine/VITC_Smart_city/Content/VIT/character/animama/Idle.uexp" 937
"E:/UnrealEngine/VITC_Smart_city/Content/VIT/character/animama/Running.uasset" 938
"E:/UnrealEngine/VITC_Smart_city/Content/VIT/character/animama/Running.uexp" 939
"E:/UnrealEngine/VITC_Smart_city/Content/VIT/character/animama/Walking.uasset" 940
"E:/UnrealEngine/VITC_Smart_city/Content/VIT/character/animama/Walking.uexp" 941
"E:/UnrealEngine/VITC_Smart_city/Content/VIT/character/animama/walk_to_run.uasset" 942
"E:/UnrealEngine/VITC_Smart_city/Content/VIT/character/animama/walk_to_run.uexp" 943
"E:/UnrealEngine/VITC_Smart_city/Content/VIT/character/animations.uasset" 944
"E:/UnrealEngine/VITC_Smart_city/Content/VIT/character/animations.uexp" 945
"../../../Engine/Content/EngineResources/DefaultTexture.ubulk" 946
"../../../Engine/Content/EngineResources/DefaultTexture.uasset" 947
"../../../Engine/Content/EngineResources/DefaultTexture.uexp" 948
"../../../Engine/Content/EngineMaterials/DefaultNormal.ubulk" 949
"../../../Engine/Content/EngineMaterials/DefaultNormal.uasset" 950
"../../../Engine/Content/EngineMaterials/DefaultNormal.uexp" 951
"../../../Engine/Content/Functions/Engine_MaterialFunctions03/Procedurals/NormalFromHeightmap.uasset" 952
"../../../Engine/Content/Functions/Engine_MaterialFunctions03/Procedurals/NormalFromHeightmap.uexp" 953
"../../../Engine/Plugins/Interchange/Assets/Content/Functions/MF_PhongToMetalRoughness.uasset" 954
"../../../Engine/Plugins/Interchange/Assets/Content/Functions/MF_PhongToMetalRoughness.uexp" 955
"../../../Engine/Plugins/Interchange/Assets/Content/Materials/FBXLegacyPhongSurfaceMaterial.uasset" 956
"../../../Engine/Plugins/Interchange/Assets/Content/Materials/FBXLegacyPhongSurfaceMaterial.uexp" 957
"E:/UnrealEngine/VITC_Smart_city/Content/VIT/character/Ch31_1001_Diffuse.ubulk" 958
"E:/UnrealEngine/VITC_Smart_city/Content/VIT/character/Ch31_1001_Diffuse.uasset" 959
"E:/UnrealEngine/VITC_Smart_city/Content/VIT/character/Ch31_1001_Diffuse.uexp" 960
"E:/UnrealEngine/VITC_Smart_city/Content/VIT/character/Ch31_1001_Glossiness.ubulk" 961
"E:/UnrealEngine/VITC_Smart_city/Content/VIT/character/Ch31_1001_Glossiness.uasset" 962
"E:/UnrealEngine/VITC_Smart_city/Content/VIT/character/Ch31_1001_Glossiness.uexp" 963
"E:/UnrealEngine/VITC_Smart_city/Content/VIT/character/Ch31_1001_Normal.ubulk" 964
"E:/UnrealEngine/VITC_Smart_city/Content/VIT/character/Ch31_1001_Normal.uasset" 965
"E:/UnrealEngine/VITC_Smart_city/Content/VIT/character/Ch31_1001_Normal.uexp" 966
"E:/UnrealEngine/VITC_Smart_city/Content/VIT/character/Ch31_1001_Specular.ubulk" 967
"E:/UnrealEngine/VITC_Smart_city/Content/VIT/character/Ch31_1001_Specular.uasset" 968
"E:/UnrealEngine/VITC_Smart_city/Content/VIT/character/Ch31_1001_Specular.uexp" 969
"E:/UnrealEngine/VITC_Smart_city/Content/VIT/character/Ch31_body.uasset" 970
"E:/UnrealEngine/VITC_Smart_city/Content/VIT/character/Ch31_body.uexp" 971
"E:/UnrealEngine/VITC_Smart_city/Content/VIT/character/Ch31_1002_Diffuse.ubulk" 972
"E:/UnrealEngine/VITC_Smart_city/Content/VIT/character/Ch31_1002_Diffuse.uasset" 973
"E:/UnrealEngine/VITC_Smart_city/Content/VIT/character/Ch31_1002_Diffuse.uexp" 974
"E:/UnrealEngine/VITC_Smart_city/Content/VIT/character/Ch31_hair.uasset" 975
"E:/UnrealEngine/VITC_Smart_city/Content/VIT/character/Ch31_hair.uexp" 976
"E:/UnrealEngine/VITC_Smart_city/Content/VIT/character/character_PhysicsAsset.uasset" 977
"E:/UnrealEngine/VITC_Smart_city/Content/VIT/character/character_PhysicsAsset.uexp" 978
"E:/UnrealEngine/VITC_Smart_city/Content/VIT/character/character.uasset" 979
"E:/UnrealEngine/VITC_Smart_city/Content/VIT/character/character.uexp" 980
"E:/UnrealEngine/VITC_Smart_city/Content/VIT/round2/website.uasset" 981
"E:/UnrealEngine/VITC_Smart_city/Content/VIT/round2/website.uexp" 982
"E:/UnrealEngine/VITC_Smart_city/Content/VIT/round2/interact.uasset" 983
"E:/UnrealEngine/VITC_Smart_city/Content/VIT/round2/interact.uexp" 984
"E:/UnrealEngine/VITC_Smart_city/Content/ThirdPerson/Blueprints/BP_ThirdPersonCharacter.uasset" 985
"E:/UnrealEngine/VITC_Smart_city/Content/ThirdPerson/Blueprints/BP_ThirdPersonCharacter.uexp" 986
"E:/UnrealEngine/VITC_Smart_city/Content/Input/Actions/IA_Jump.uasset" 987
"E:/UnrealEngine/VITC_Smart_city/Content/Input/Actions/IA_Jump.uexp" 988
"E:/UnrealEngine/VITC_Smart_city/Content/Input/IMC_Default.uasset" 989
"E:/UnrealEngine/VITC_Smart_city/Content/Input/IMC_Default.uexp" 990
"E:/UnrealEngine/VITC_Smart_city/Content/Input/IMC_MouseLook.uasset" 991
"E:/UnrealEngine/VITC_Smart_city/Content/Input/IMC_MouseLook.uexp" 992
"../../../Engine/Content/MobileResources/HUD/VirtualJoystick_Thumb.uasset" 993
"../../../Engine/Content/MobileResources/HUD/VirtualJoystick_Thumb.uexp" 994
"../../../Engine/Content/MobileResources/HUD/VirtualJoystick_Background.uasset" 995
"../../../Engine/Content/MobileResources/HUD/VirtualJoystick_Background.uexp" 996
"E:/UnrealEngine/VITC_Smart_city/Content/Input/Touch/UI_Thumbstick.uasset" 997
"E:/UnrealEngine/VITC_Smart_city/Content/Input/Touch/UI_Thumbstick.uexp" 998
"E:/UnrealEngine/VITC_Smart_city/Content/Input/Touch/UI_TouchSimple.uasset" 999
"E:/UnrealEngine/VITC_Smart_city/Content/Input/Touch/UI_TouchSimple.uexp" 1000
"E:/UnrealEngine/VITC_Smart_city/Content/ThirdPerson/Blueprints/BP_ThirdPersonPlayerController.uasset" 1001
"E:/UnrealEngine/VITC_Smart_city/Content/ThirdPerson/Blueprints/BP_ThirdPersonPlayerController.uexp" 1002
"E:/UnrealEngine/VITC_Smart_city/Content/ThirdPerson/Blueprints/BP_ThirdPersonGameMode.uasset" 1003
"E:/UnrealEngine/VITC_Smart_city/Content/ThirdPerson/Blueprints/BP_ThirdPersonGameMode.uexp" 1004
"../../../Engine/Plugins/Interchange/Runtime/Content/Pipelines/DefaultAssetsPipeline.uasset" 1005
"../../../Engine/Plugins/Interchange/Runtime/Content/Pipelines/DefaultAssetsPipeline.uexp" 1006
"../../../Engine/Plugins/Interchange/Runtime/Content/Pipelines/DefaultAudioPipeline.uasset" 1007
"../../../Engine/Plugins/Interchange/Runtime/Content/Pipelines/DefaultAudioPipeline.uexp" 1008
"../../../Engine/Plugins/Interchange/Runtime/Content/Pipelines/DefaultGLTFAssetsPipeline.uasset" 1009
"../../../Engine/Plugins/Interchange/Runtime/Content/Pipelines/DefaultGLTFAssetsPipeline.uexp" 1010
"../../../Engine/Plugins/Interchange/Runtime/Content/Pipelines/DefaultGLTFPipeline.uasset" 1011
"../../../Engine/Plugins/Interchange/Runtime/Content/Pipelines/DefaultGLTFPipeline.uexp" 1012
"../../../Engine/Plugins/Interchange/Runtime/Content/Pipelines/DefaultGLTFSceneAssetsPipeline.uasset" 1013
"../../../Engine/Plugins/Interchange/Runtime/Content/Pipelines/DefaultGLTFSceneAssetsPipeline.uexp" 1014
"../../../Engine/Plugins/Interchange/Runtime/Content/Pipelines/DefaultMaterialPipeline.uasset" 1015
"../../../Engine/Plugins/Interchange/Runtime/Content/Pipelines/DefaultMaterialPipeline.uexp" 1016
"../../../Engine/Plugins/Interchange/Runtime/Content/Pipelines/DefaultMaterialXPipeline.uasset" 1017
"../../../Engine/Plugins/Interchange/Runtime/Content/Pipelines/DefaultMaterialXPipeline.uexp" 1018
"../../../Engine/Plugins/Interchange/Runtime/Content/Pipelines/DefaultSceneAssetsPipeline.uasset" 1019
"../../../Engine/Plugins/Interchange/Runtime/Content/Pipelines/DefaultSceneAssetsPipeline.uexp" 1020
"../../../Engine/Plugins/Interchange/Runtime/Content/Pipelines/DefaultSceneLevelPipeline.uasset" 1021
"../../../Engine/Plugins/Interchange/Runtime/Content/Pipelines/DefaultSceneLevelPipeline.uexp" 1022
"../../../Engine/Plugins/Interchange/Runtime/Content/Pipelines/DefaultTexturePipeline.uasset" 1023
"../../../Engine/Plugins/Interchange/Runtime/Content/Pipelines/DefaultTexturePipeline.uexp" 1024
"../../../Engine/Content/Maps/Entry_BuiltData.uasset" 1025
"../../../Engine/Content/Maps/Entry_BuiltData.uexp" 1026
"../../../Engine/Content/Maps/Entry.uexp" 1027
"../../../Engine/Content/Maps/Entry.umap" 1028
"../../../Engine/Content/BasicShapes/Cylinder.ubulk" 1029
"../../../Engine/Content/BasicShapes/Cylinder.uasset" 1030
"../../../Engine/Content/BasicShapes/Cylinder.uexp" 1031
"../../../Engine/Content/BasicShapes/Plane.ubulk" 1032
"../../../Engine/Content/BasicShapes/Plane.uasset" 1033
"../../../Engine/Content/BasicShapes/Plane.uexp" 1034
"../../../Engine/Content/BasicShapes/BasicShapeMaterial.uasset" 1035
"../../../Engine/Content/BasicShapes/BasicShapeMaterial.uexp" 1036
"../../../Engine/Content/EngineMaterials/DefaultPhysicalMaterial.uasset" 1037
"../../../Engine/Content/EngineMaterials/DefaultPhysicalMaterial.uexp" 1038
"../../../Engine/Content/EngineSky/T_Sky_Blue.ubulk" 1039
"../../../Engine/Content/EngineSky/T_Sky_Blue.uasset" 1040
"../../../Engine/Content/EngineSky/T_Sky_Blue.uexp" 1041
"../../../Engine/Content/EngineSky/T_Sky_Clouds_M.ubulk" 1042
"../../../Engine/Content/EngineSky/T_Sky_Clouds_M.uasset" 1043
"../../../Engine/Content/EngineSky/T_Sky_Clouds_M.uexp" 1044
"../../../Engine/Content/EngineSky/T_Sky_Stars.ubulk" 1045
"../../../Engine/Content/EngineSky/T_Sky_Stars.uasset" 1046
"../../../Engine/Content/EngineSky/T_Sky_Stars.uexp" 1047
"../../../Engine/Content/EngineSky/M_Sky_Panning_Clouds2.uasset" 1048
"../../../Engine/Content/EngineSky/M_Sky_Panning_Clouds2.uexp" 1049
"../../../Engine/Content/EngineSky/SM_SkySphere.ubulk" 1050
"../../../Engine/Content/EngineSky/SM_SkySphere.uasset" 1051
"../../../Engine/Content/EngineSky/SM_SkySphere.uexp" 1052
"../../../Engine/Content/EngineSky/M_SimpleSkyDome.uasset" 1053
"../../../Engine/Content/EngineSky/M_SimpleSkyDome.uexp" 1054
"../../../Engine/Content/Functions/Engine_MaterialFunctions02/Utility/BreakOutFloat4Components.uasset" 1055
"../../../Engine/Content/Functions/Engine_MaterialFunctions02/Utility/BreakOutFloat4Components.uexp" 1056
"../../../Engine/Content/Functions/Engine_MaterialFunctions02/Utility/MakeFloat4.uasset" 1057
"../../../Engine/Content/Functions/Engine_MaterialFunctions02/Utility/MakeFloat4.uexp" 1058
"../../../Engine/Content/EngineResources/DefaultVolumeTexture2D.uasset" 1059
"../../../Engine/Content/EngineResources/DefaultVolumeTexture2D.uexp" 1060
"../../../Engine/Content/EngineResources/DefaultVolumeTexture.uasset" 1061
"../../../Engine/Content/EngineResources/DefaultVolumeTexture.uexp" 1062
"../../../Engine/Content/EngineSky/VolumetricClouds/VT_Lightning.uasset" 1063
"../../../Engine/Content/EngineSky/VolumetricClouds/VT_Lightning.uexp" 1064
"../../../Engine/Content/Functions/Engine_MaterialFunctions01/Units/Km-to-Cm.uasset" 1065
"../../../Engine/Content/Functions/Engine_MaterialFunctions01/Units/Km-to-Cm.uexp" 1066
"../../../Engine/Content/EngineSky/VolumetricClouds/m_SimpleVolumetricCloud.uasset" 1067
"../../../Engine/Content/EngineSky/VolumetricClouds/m_SimpleVolumetricCloud.uexp" 1068
"../../../Engine/Content/EngineSky/VolumetricClouds/T_CloudMask.ubulk" 1069
"../../../Engine/Content/EngineSky/VolumetricClouds/T_CloudMask.uasset" 1070
"../../../Engine/Content/EngineSky/VolumetricClouds/T_CloudMask.uexp" 1071
"../../../Engine/Content/EngineSky/VolumetricClouds/T_CloudPattern.ubulk" 1072
"../../../Engine/Content/EngineSky/VolumetricClouds/T_CloudPattern.uasset" 1073
"../../../Engine/Content/EngineSky/VolumetricClouds/T_CloudPattern.uexp" 1074
"../../../Engine/Content/EngineSky/VolumetricClouds/T_Profile_08.ubulk" 1075
"../../../Engine/Content/EngineSky/VolumetricClouds/T_Profile_08.uasset" 1076
"../../../Engine/Content/EngineSky/VolumetricClouds/T_Profile_08.uexp" 1077
"../../../Engine/Content/EngineSky/VolumetricClouds/VT_PerlinWorley_Balanced.uasset" 1078
"../../../Engine/Content/EngineSky/VolumetricClouds/VT_PerlinWorley_Balanced.uexp" 1079
"../../../Engine/Content/EngineSky/VolumetricClouds/m_SimpleVolumetricCloud_Inst.uasset" 1080
"../../../Engine/Content/EngineSky/VolumetricClouds/m_SimpleVolumetricCloud_Inst.uexp" 1081
"E:/UnrealEngine/VITC_Smart_city/Content/VIT/Textures/3DModel1.ubulk" 1082
"E:/UnrealEngine/VITC_Smart_city/Content/VIT/Textures/3DModel1.uasset" 1083
"E:/UnrealEngine/VITC_Smart_city/Content/VIT/Textures/3DModel1.uexp" 1084
"E:/UnrealEngine/VITC_Smart_city/Content/VIT/Textures/3DModel1_Mat.uasset" 1085
"E:/UnrealEngine/VITC_Smart_city/Content/VIT/Textures/3DModel1_Mat.uexp" 1086
"E:/UnrealEngine/VITC_Smart_city/Content/VIT/Textures/lala.ubulk" 1087
"E:/UnrealEngine/VITC_Smart_city/Content/VIT/Textures/lala.uasset" 1088
"E:/UnrealEngine/VITC_Smart_city/Content/VIT/Textures/lala.uexp" 1089
"E:/UnrealEngine/VITC_Smart_city/Content/VIT/Textures/lala_Mat.uasset" 1090
"E:/UnrealEngine/VITC_Smart_city/Content/VIT/Textures/lala_Mat.uexp" 1091
"E:/UnrealEngine/VITC_Smart_city/Content/VIT/Textures/red.ubulk" 1092
"E:/UnrealEngine/VITC_Smart_city/Content/VIT/Textures/red.uasset" 1093
"E:/UnrealEngine/VITC_Smart_city/Content/VIT/Textures/red.uexp" 1094
"E:/UnrealEngine/VITC_Smart_city/Content/VIT/Textures/red_Mat.uasset" 1095
"E:/UnrealEngine/VITC_Smart_city/Content/VIT/Textures/red_Mat.uexp" 1096
"../../../Engine/Plugins/Interchange/Assets/Content/Materials/MapOrColorFunction.uasset" 1097
"../../../Engine/Plugins/Interchange/Assets/Content/Materials/MapOrColorFunction.uexp" 1098
"../../../Engine/Plugins/Interchange/Assets/Content/Materials/MapOrLinearColorFunction.uasset" 1099
"../../../Engine/Plugins/Interchange/Assets/Content/Materials/MapOrLinearColorFunction.uexp" 1100
"../../../Engine/Plugins/Interchange/Assets/Content/Materials/MapOrScalarFunction.uasset" 1101
"../../../Engine/Plugins/Interchange/Assets/Content/Materials/MapOrScalarFunction.uexp" 1102
"../../../Engine/Plugins/Interchange/Assets/Content/Materials/CommonMaterial.uasset" 1103
"../../../Engine/Plugins/Interchange/Assets/Content/Materials/CommonMaterial.uexp" 1104
"../../../Engine/Plugins/Interchange/Assets/Content/Materials/PBRSurfaceFunction_MR.uasset" 1105
"../../../Engine/Plugins/Interchange/Assets/Content/Materials/PBRSurfaceFunction_MR.uexp" 1106
"../../../Engine/Content/Functions/Engine_MaterialFunctions01/Texturing/ComputeMipLevel.uasset" 1107
"../../../Engine/Content/Functions/Engine_MaterialFunctions01/Texturing/ComputeMipLevel.uexp" 1108
"../../../Engine/Content/Functions/Engine_MaterialFunctions02/ExampleContent/Textures/DebugNumberPeriod.uasset" 1109
"../../../Engine/Content/Functions/Engine_MaterialFunctions02/ExampleContent/Textures/DebugNumberPeriod.uexp" 1110
"../../../Engine/Content/Functions/Engine_MaterialFunctions02/Utility/DebugScalarValues.uasset" 1111
"../../../Engine/Content/Functions/Engine_MaterialFunctions02/Utility/DebugScalarValues.uexp" 1112
"../../../Engine/Content/Functions/Engine_MaterialFunctions02/Utility/DebugFloat3Values.uasset" 1113
"../../../Engine/Content/Functions/Engine_MaterialFunctions02/Utility/DebugFloat3Values.uexp" 1114
"../../../Engine/Plugins/Interchange/Assets/Content/Materials/PBRSurfaceMaterial_MR.uasset" 1115
"../../../Engine/Plugins/Interchange/Assets/Content/Materials/PBRSurfaceMaterial_MR.uexp" 1116
"E:/UnrealEngine/VITC_Smart_city/Content/VIT/VIT/3DModel.uasset" 1117
"E:/UnrealEngine/VITC_Smart_city/Content/VIT/VIT/3DModel.uexp" 1118
"E:/UnrealEngine/VITC_Smart_city/Content/VIT/VIT/ab1.ubulk" 1119
"E:/UnrealEngine/VITC_Smart_city/Content/VIT/VIT/ab1.uasset" 1120
"E:/UnrealEngine/VITC_Smart_city/Content/VIT/VIT/ab1.uexp" 1121
"E:/UnrealEngine/VITC_Smart_city/Content/VIT/VIT/ab3.ubulk" 1122
"E:/UnrealEngine/VITC_Smart_city/Content/VIT/VIT/ab3.uasset" 1123
"E:/UnrealEngine/VITC_Smart_city/Content/VIT/VIT/ab3.uexp" 1124
"../../../Engine/Plugins/Interchange/Assets/Content/gltf/MaterialInstances/MI_Default_Opaque_DS.uasset" 1125
"../../../Engine/Plugins/Interchange/Assets/Content/gltf/MaterialInstances/MI_Default_Opaque_DS.uexp" 1126
"E:/UnrealEngine/VITC_Smart_city/Content/NewFolderASD/Clock_court/Materials/Material_001.uasset" 1127
"E:/UnrealEngine/VITC_Smart_city/Content/NewFolderASD/Clock_court/Materials/Material_001.uexp" 1128
"E:/UnrealEngine/VITC_Smart_city/Content/NewFolderASD/Clock_court/StaticMeshes/Clock_court.ubulk" 1129
"E:/UnrealEngine/VITC_Smart_city/Content/NewFolderASD/Clock_court/StaticMeshes/Clock_court.uasset" 1130
"E:/UnrealEngine/VITC_Smart_city/Content/NewFolderASD/Clock_court/StaticMeshes/Clock_court.uexp" 1131
"E:/UnrealEngine/VITC_Smart_city/Content/NewFolderASD/Clock_court/StaticMeshes/WALL/StaticMeshes/WALL.ubulk" 1132
"E:/UnrealEngine/VITC_Smart_city/Content/NewFolderASD/Clock_court/StaticMeshes/WALL/StaticMeshes/WALL.uasset" 1133
"E:/UnrealEngine/VITC_Smart_city/Content/NewFolderASD/Clock_court/StaticMeshes/WALL/StaticMeshes/WALL.uexp" 1134
"E:/UnrealEngine/VITC_Smart_city/Content/VIT/materials/black.uasset" 1135
"E:/UnrealEngine/VITC_Smart_city/Content/VIT/materials/black.uexp" 1136
"E:/UnrealEngine/VITC_Smart_city/Content/VIT/materials/concreate_LayerInfo.uasset" 1137
"E:/UnrealEngine/VITC_Smart_city/Content/VIT/materials/concreate_LayerInfo.uexp" 1138
"E:/UnrealEngine/VITC_Smart_city/Content/VIT/materials/green_LayerInfo.uasset" 1139
"E:/UnrealEngine/VITC_Smart_city/Content/VIT/materials/green_LayerInfo.uexp" 1140
"E:/UnrealEngine/VITC_Smart_city/Content/VIT/VIT/D1__.ubulk" 1141
"E:/UnrealEngine/VITC_Smart_city/Content/VIT/VIT/D1__.uasset" 1142
"E:/UnrealEngine/VITC_Smart_city/Content/VIT/VIT/D1__.uexp" 1143
"E:/UnrealEngine/VITC_Smart_city/Content/VIT/materials/mahatma_gandhi/Textures/mahatma_gandhi_texture_0.ubulk" 1144
"E:/UnrealEngine/VITC_Smart_city/Content/VIT/materials/mahatma_gandhi/Textures/mahatma_gandhi_texture_0.uasset" 1145
"E:/UnrealEngine/VITC_Smart_city/Content/VIT/materials/mahatma_gandhi/Textures/mahatma_gandhi_texture_0.uexp" 1146
"E:/UnrealEngine/VITC_Smart_city/Content/VIT/materials/mahatma_gandhi/Textures/mahatma_gandhi_texture_1.ubulk" 1147
"E:/UnrealEngine/VITC_Smart_city/Content/VIT/materials/mahatma_gandhi/Textures/mahatma_gandhi_texture_1.uasset" 1148
"E:/UnrealEngine/VITC_Smart_city/Content/VIT/materials/mahatma_gandhi/Textures/mahatma_gandhi_texture_1.uexp" 1149
"E:/UnrealEngine/VITC_Smart_city/Content/VIT/materials/mahatma_gandhi/Materials/material_0.uasset" 1150
"E:/UnrealEngine/VITC_Smart_city/Content/VIT/materials/mahatma_gandhi/Materials/material_0.uexp" 1151
"E:/UnrealEngine/VITC_Smart_city/Content/VIT/materials/mahatma_gandhi/StaticMeshes/Object_2.ubulk" 1152
"E:/UnrealEngine/VITC_Smart_city/Content/VIT/materials/mahatma_gandhi/StaticMeshes/Object_2.uasset" 1153
"E:/UnrealEngine/VITC_Smart_city/Content/VIT/materials/mahatma_gandhi/StaticMeshes/Object_2.uexp" 1154
"E:/UnrealEngine/VITC_Smart_city/Content/VIT/materials/mahatma_gandhi/StaticMeshes/Object_3.ubulk" 1155
"E:/UnrealEngine/VITC_Smart_city/Content/VIT/materials/mahatma_gandhi/StaticMeshes/Object_3.uasset" 1156
"E:/UnrealEngine/VITC_Smart_city/Content/VIT/materials/mahatma_gandhi/StaticMeshes/Object_3.uexp" 1157
"E:/UnrealEngine/VITC_Smart_city/Content/VIT/materials/mahatma_gandhi/StaticMeshes/Object_4.ubulk" 1158
"E:/UnrealEngine/VITC_Smart_city/Content/VIT/materials/mahatma_gandhi/StaticMeshes/Object_4.uasset" 1159
"E:/UnrealEngine/VITC_Smart_city/Content/VIT/materials/mahatma_gandhi/StaticMeshes/Object_4.uexp" 1160
"E:/UnrealEngine/VITC_Smart_city/Content/VIT/materials/mahatma_gandhi/StaticMeshes/Object_5.ubulk" 1161
"E:/UnrealEngine/VITC_Smart_city/Content/VIT/materials/mahatma_gandhi/StaticMeshes/Object_5.uasset" 1162
"E:/UnrealEngine/VITC_Smart_city/Content/VIT/materials/mahatma_gandhi/StaticMeshes/Object_5.uexp" 1163
"E:/UnrealEngine/VITC_Smart_city/Content/VIT/VIT/AB4/Materials/3DModel111.ubulk" 1164
"E:/UnrealEngine/VITC_Smart_city/Content/VIT/VIT/AB4/Materials/3DModel111.uasset" 1165
"E:/UnrealEngine/VITC_Smart_city/Content/VIT/VIT/AB4/Materials/3DModel111.uexp" 1166
"E:/UnrealEngine/VITC_Smart_city/Content/VIT/VIT/AB4/Materials/3DModel111_Mat.uasset" 1167
"E:/UnrealEngine/VITC_Smart_city/Content/VIT/VIT/AB4/Materials/3DModel111_Mat.uexp" 1168
"E:/UnrealEngine/VITC_Smart_city/Content/VIT/VIT/AB4/Materials/AB44.ubulk" 1169
"E:/UnrealEngine/VITC_Smart_city/Content/VIT/VIT/AB4/Materials/AB44.uasset" 1170
"E:/UnrealEngine/VITC_Smart_city/Content/VIT/VIT/AB4/Materials/AB44.uexp" 1171
"E:/UnrealEngine/VITC_Smart_city/Content/VIT/VIT/AB4/Materials/AB44_Mat.uasset" 1172
"E:/UnrealEngine/VITC_Smart_city/Content/VIT/VIT/AB4/Materials/AB44_Mat.uexp" 1173
"E:/UnrealEngine/VITC_Smart_city/Content/VIT/VIT/AB4/Materials/Material_008.uasset" 1174
"E:/UnrealEngine/VITC_Smart_city/Content/VIT/VIT/AB4/Materials/Material_008.uexp" 1175
"E:/UnrealEngine/VITC_Smart_city/Content/VIT/VIT/ASD/Materials/Material_007.uasset" 1176
"E:/UnrealEngine/VITC_Smart_city/Content/VIT/VIT/ASD/Materials/Material_007.uexp" 1177
"E:/UnrealEngine/VITC_Smart_city/Content/Fab/Basketball/basketball/Textures/basketball_texture_6.ubulk" 1178
"E:/UnrealEngine/VITC_Smart_city/Content/Fab/Basketball/basketball/Textures/basketball_texture_6.uasset" 1179
"E:/UnrealEngine/VITC_Smart_city/Content/Fab/Basketball/basketball/Textures/basketball_texture_6.uexp" 1180
"E:/UnrealEngine/VITC_Smart_city/Content/Fab/Basketball/basketball/Textures/basketball_texture_7.ubulk" 1181
"E:/UnrealEngine/VITC_Smart_city/Content/Fab/Basketball/basketball/Textures/basketball_texture_7.uasset" 1182
"E:/UnrealEngine/VITC_Smart_city/Content/Fab/Basketball/basketball/Textures/basketball_texture_7.uexp" 1183
"E:/UnrealEngine/VITC_Smart_city/Content/Fab/Basketball/basketball/Textures/basketball_texture_8.ubulk" 1184
"E:/UnrealEngine/VITC_Smart_city/Content/Fab/Basketball/basketball/Textures/basketball_texture_8.uasset" 1185
"E:/UnrealEngine/VITC_Smart_city/Content/Fab/Basketball/basketball/Textures/basketball_texture_8.uexp" 1186
"E:/UnrealEngine/VITC_Smart_city/Content/Fab/Basketball/basketball/Materials/Basketball.uasset" 1187
"E:/UnrealEngine/VITC_Smart_city/Content/Fab/Basketball/basketball/Materials/Basketball.uexp" 1188
"E:/UnrealEngine/VITC_Smart_city/Content/Fab/Basketball/basketball/Textures/basketball_texture_0.ubulk" 1189
"E:/UnrealEngine/VITC_Smart_city/Content/Fab/Basketball/basketball/Textures/basketball_texture_0.uasset" 1190
"E:/UnrealEngine/VITC_Smart_city/Content/Fab/Basketball/basketball/Textures/basketball_texture_0.uexp" 1191
"E:/UnrealEngine/VITC_Smart_city/Content/Fab/Basketball/basketball/Textures/basketball_texture_1.ubulk" 1192
"E:/UnrealEngine/VITC_Smart_city/Content/Fab/Basketball/basketball/Textures/basketball_texture_1.uasset" 1193
"E:/UnrealEngine/VITC_Smart_city/Content/Fab/Basketball/basketball/Textures/basketball_texture_1.uexp" 1194
"E:/UnrealEngine/VITC_Smart_city/Content/Fab/Basketball/basketball/Textures/basketball_texture_2.ubulk" 1195
"E:/UnrealEngine/VITC_Smart_city/Content/Fab/Basketball/basketball/Textures/basketball_texture_2.uasset" 1196
"E:/UnrealEngine/VITC_Smart_city/Content/Fab/Basketball/basketball/Textures/basketball_texture_2.uexp" 1197
"E:/UnrealEngine/VITC_Smart_city/Content/Fab/Basketball/basketball/Materials/Basketball_Backboard.uasset" 1198
"E:/UnrealEngine/VITC_Smart_city/Content/Fab/Basketball/basketball/Materials/Basketball_Backboard.uexp" 1199
"E:/UnrealEngine/VITC_Smart_city/Content/Fab/Basketball/basketball/Textures/basketball_texture_3.ubulk" 1200
"E:/UnrealEngine/VITC_Smart_city/Content/Fab/Basketball/basketball/Textures/basketball_texture_3.uasset" 1201
"E:/UnrealEngine/VITC_Smart_city/Content/Fab/Basketball/basketball/Textures/basketball_texture_3.uexp" 1202
"E:/UnrealEngine/VITC_Smart_city/Content/Fab/Basketball/basketball/Textures/basketball_texture_4.ubulk" 1203
"E:/UnrealEngine/VITC_Smart_city/Content/Fab/Basketball/basketball/Textures/basketball_texture_4.uasset" 1204
"E:/UnrealEngine/VITC_Smart_city/Content/Fab/Basketball/basketball/Textures/basketball_texture_4.uexp" 1205
"E:/UnrealEngine/VITC_Smart_city/Content/Fab/Basketball/basketball/Textures/basketball_texture_5.ubulk" 1206
"E:/UnrealEngine/VITC_Smart_city/Content/Fab/Basketball/basketball/Textures/basketball_texture_5.uasset" 1207
"E:/UnrealEngine/VITC_Smart_city/Content/Fab/Basketball/basketball/Textures/basketball_texture_5.uexp" 1208
"E:/UnrealEngine/VITC_Smart_city/Content/Fab/Basketball/basketball/Materials/Basketball_Rim.uasset" 1209
"E:/UnrealEngine/VITC_Smart_city/Content/Fab/Basketball/basketball/Materials/Basketball_Rim.uexp" 1210
"E:/UnrealEngine/VITC_Smart_city/Content/Fab/Basketball/basketball/StaticMeshes/basketball.ubulk" 1211
"E:/UnrealEngine/VITC_Smart_city/Content/Fab/Basketball/basketball/StaticMeshes/basketball.uasset" 1212
"E:/UnrealEngine/VITC_Smart_city/Content/Fab/Basketball/basketball/StaticMeshes/basketball.uexp" 1213
"E:/UnrealEngine/VITC_Smart_city/Content/Fab/Handball/handball/Textures/handball_texture_0.ubulk" 1214
"E:/UnrealEngine/VITC_Smart_city/Content/Fab/Handball/handball/Textures/handball_texture_0.uasset" 1215
"E:/UnrealEngine/VITC_Smart_city/Content/Fab/Handball/handball/Textures/handball_texture_0.uexp" 1216
"E:/UnrealEngine/VITC_Smart_city/Content/Fab/Handball/handball/Textures/handball_texture_1.ubulk" 1217
"E:/UnrealEngine/VITC_Smart_city/Content/Fab/Handball/handball/Textures/handball_texture_1.uasset" 1218
"E:/UnrealEngine/VITC_Smart_city/Content/Fab/Handball/handball/Textures/handball_texture_1.uexp" 1219
"E:/UnrealEngine/VITC_Smart_city/Content/Fab/Handball/handball/Textures/handball_texture_2.ubulk" 1220
"E:/UnrealEngine/VITC_Smart_city/Content/Fab/Handball/handball/Textures/handball_texture_2.uasset" 1221
"E:/UnrealEngine/VITC_Smart_city/Content/Fab/Handball/handball/Textures/handball_texture_2.uexp" 1222
"E:/UnrealEngine/VITC_Smart_city/Content/Fab/Handball/handball/Materials/Goal.uasset" 1223
"E:/UnrealEngine/VITC_Smart_city/Content/Fab/Handball/handball/Materials/Goal.uexp" 1224
"E:/UnrealEngine/VITC_Smart_city/Content/Fab/Handball/handball/Textures/handball_texture_3.ubulk" 1225
"E:/UnrealEngine/VITC_Smart_city/Content/Fab/Handball/handball/Textures/handball_texture_3.uasset" 1226
"E:/UnrealEngine/VITC_Smart_city/Content/Fab/Handball/handball/Textures/handball_texture_3.uexp" 1227
"E:/UnrealEngine/VITC_Smart_city/Content/Fab/Handball/handball/Textures/handball_texture_4.ubulk" 1228
"E:/UnrealEngine/VITC_Smart_city/Content/Fab/Handball/handball/Textures/handball_texture_4.uasset" 1229
"E:/UnrealEngine/VITC_Smart_city/Content/Fab/Handball/handball/Textures/handball_texture_4.uexp" 1230
"E:/UnrealEngine/VITC_Smart_city/Content/Fab/Handball/handball/Textures/handball_texture_5.ubulk" 1231
"E:/UnrealEngine/VITC_Smart_city/Content/Fab/Handball/handball/Textures/handball_texture_5.uasset" 1232
"E:/UnrealEngine/VITC_Smart_city/Content/Fab/Handball/handball/Textures/handball_texture_5.uexp" 1233
"E:/UnrealEngine/VITC_Smart_city/Content/Fab/Handball/handball/Materials/Handball.uasset" 1234
"E:/UnrealEngine/VITC_Smart_city/Content/Fab/Handball/handball/Materials/Handball.uexp" 1235
"E:/UnrealEngine/VITC_Smart_city/Content/Fab/Handball/handball/StaticMeshes/handball.ubulk" 1236
"E:/UnrealEngine/VITC_Smart_city/Content/Fab/Handball/handball/StaticMeshes/handball.uasset" 1237
"E:/UnrealEngine/VITC_Smart_city/Content/Fab/Handball/handball/StaticMeshes/handball.uexp" 1238
"../../../Engine/Plugins/Interchange/Assets/Content/gltf/MaterialInstances/MI_Default_Blend_DS.uasset" 1239
"../../../Engine/Plugins/Interchange/Assets/Content/gltf/MaterialInstances/MI_Default_Blend_DS.uexp" 1240
"E:/UnrealEngine/VITC_Smart_city/Content/Fab/Tree/realistic_tree/Textures/realistic_tree_texture_0.ubulk" 1241
"E:/UnrealEngine/VITC_Smart_city/Content/Fab/Tree/realistic_tree/Textures/realistic_tree_texture_0.uasset" 1242
"E:/UnrealEngine/VITC_Smart_city/Content/Fab/Tree/realistic_tree/Textures/realistic_tree_texture_0.uexp" 1243
"E:/UnrealEngine/VITC_Smart_city/Content/Fab/Tree/realistic_tree/Textures/realistic_tree_texture_1.ubulk" 1244
"E:/UnrealEngine/VITC_Smart_city/Content/Fab/Tree/realistic_tree/Textures/realistic_tree_texture_1.uasset" 1245
"E:/UnrealEngine/VITC_Smart_city/Content/Fab/Tree/realistic_tree/Textures/realistic_tree_texture_1.uexp" 1246
"E:/UnrealEngine/VITC_Smart_city/Content/Fab/Tree/realistic_tree/Textures/realistic_tree_texture_2.ubulk" 1247
"E:/UnrealEngine/VITC_Smart_city/Content/Fab/Tree/realistic_tree/Textures/realistic_tree_texture_2.uasset" 1248
"E:/UnrealEngine/VITC_Smart_city/Content/Fab/Tree/realistic_tree/Textures/realistic_tree_texture_2.uexp" 1249
"E:/UnrealEngine/VITC_Smart_city/Content/Fab/Tree/realistic_tree/Materials/normal_leaves.uasset" 1250
"E:/UnrealEngine/VITC_Smart_city/Content/Fab/Tree/realistic_tree/Materials/normal_leaves.uexp" 1251
"E:/UnrealEngine/VITC_Smart_city/Content/Fab/Tree/realistic_tree/Textures/realistic_tree_texture_3.ubulk" 1252
"E:/UnrealEngine/VITC_Smart_city/Content/Fab/Tree/realistic_tree/Textures/realistic_tree_texture_3.uasset" 1253
"E:/UnrealEngine/VITC_Smart_city/Content/Fab/Tree/realistic_tree/Textures/realistic_tree_texture_3.uexp" 1254
"E:/UnrealEngine/VITC_Smart_city/Content/Fab/Tree/realistic_tree/Textures/realistic_tree_texture_4.ubulk" 1255
"E:/UnrealEngine/VITC_Smart_city/Content/Fab/Tree/realistic_tree/Textures/realistic_tree_texture_4.uasset" 1256
"E:/UnrealEngine/VITC_Smart_city/Content/Fab/Tree/realistic_tree/Textures/realistic_tree_texture_4.uexp" 1257
"E:/UnrealEngine/VITC_Smart_city/Content/Fab/Tree/realistic_tree/Textures/realistic_tree_texture_5.ubulk" 1258
"E:/UnrealEngine/VITC_Smart_city/Content/Fab/Tree/realistic_tree/Textures/realistic_tree_texture_5.uasset" 1259
"E:/UnrealEngine/VITC_Smart_city/Content/Fab/Tree/realistic_tree/Textures/realistic_tree_texture_5.uexp" 1260
"E:/UnrealEngine/VITC_Smart_city/Content/Fab/Tree/realistic_tree/Materials/trunk.uasset" 1261
"E:/UnrealEngine/VITC_Smart_city/Content/Fab/Tree/realistic_tree/Materials/trunk.uexp" 1262
"E:/UnrealEngine/VITC_Smart_city/Content/Fab/Tree/realistic_tree/StaticMeshes/realistic_tree.ubulk" 1263
"E:/UnrealEngine/VITC_Smart_city/Content/Fab/Tree/realistic_tree/StaticMeshes/realistic_tree.uasset" 1264
"E:/UnrealEngine/VITC_Smart_city/Content/Fab/Tree/realistic_tree/StaticMeshes/realistic_tree.uexp" 1265
"../../../Engine/Plugins/Fab/Content/MaterialFunctions/QMF_AOAdjustments.uasset" 1266
"../../../Engine/Plugins/Fab/Content/MaterialFunctions/QMF_AOAdjustments.uexp" 1267
"../../../Engine/Plugins/Fab/Content/MaterialFunctions/QMF_BaseColorAdjustments.uasset" 1268
"../../../Engine/Plugins/Fab/Content/MaterialFunctions/QMF_BaseColorAdjustments.uexp" 1269
"../../../Engine/Plugins/Fab/Content/MaterialFunctions/QMF_NormalAdjustments.uasset" 1270
"../../../Engine/Plugins/Fab/Content/MaterialFunctions/QMF_NormalAdjustments.uexp" 1271
"../../../Engine/Plugins/Fab/Content/MaterialFunctions/QMF_RoughnessAdjustments.uasset" 1272
"../../../Engine/Plugins/Fab/Content/MaterialFunctions/QMF_RoughnessAdjustments.uexp" 1273
"../../../Engine/Plugins/Fab/Content/MaterialFunctions/QMF_Tiling.uasset" 1274
"../../../Engine/Plugins/Fab/Content/MaterialFunctions/QMF_Tiling.uexp" 1275
"../../../Engine/Plugins/Fab/Content/Textures/Standard/T_DefaultColor.uasset" 1276
"../../../Engine/Plugins/Fab/Content/Textures/Standard/T_DefaultColor.uexp" 1277
"../../../Engine/Plugins/Fab/Content/Textures/Standard/T_DefaultDisplacement.uasset" 1278
"../../../Engine/Plugins/Fab/Content/Textures/Standard/T_DefaultDisplacement.uexp" 1279
"../../../Engine/Plugins/Fab/Content/Textures/Standard/T_DefaultMasks.uasset" 1280
"../../../Engine/Plugins/Fab/Content/Textures/Standard/T_DefaultMasks.uexp" 1281
"../../../Engine/Plugins/Fab/Content/Textures/Standard/T_DefaultNormal.uasset" 1282
"../../../Engine/Plugins/Fab/Content/Textures/Standard/T_DefaultNormal.uexp" 1283
"../../../Engine/Plugins/Fab/Content/Materials/Standard/M_MS_Srf.uasset" 1284
"../../../Engine/Plugins/Fab/Content/Materials/Standard/M_MS_Srf.uexp" 1285
"E:/UnrealEngine/VITC_Smart_city/Content/Fab/Megascans/Surfaces/Concrete_Floor_tixmdgdcw/Low/tixmdgdcw_tier_3/Textures/T_tixmdgdcw_1K_B.ubulk" 1286
"E:/UnrealEngine/VITC_Smart_city/Content/Fab/Megascans/Surfaces/Concrete_Floor_tixmdgdcw/Low/tixmdgdcw_tier_3/Textures/T_tixmdgdcw_1K_B.uasset" 1287
"E:/UnrealEngine/VITC_Smart_city/Content/Fab/Megascans/Surfaces/Concrete_Floor_tixmdgdcw/Low/tixmdgdcw_tier_3/Textures/T_tixmdgdcw_1K_B.uexp" 1288
"E:/UnrealEngine/VITC_Smart_city/Content/Fab/Megascans/Surfaces/Concrete_Floor_tixmdgdcw/Low/tixmdgdcw_tier_3/Textures/T_tixmdgdcw_1K_N.ubulk" 1289
"E:/UnrealEngine/VITC_Smart_city/Content/Fab/Megascans/Surfaces/Concrete_Floor_tixmdgdcw/Low/tixmdgdcw_tier_3/Textures/T_tixmdgdcw_1K_N.uasset" 1290
"E:/UnrealEngine/VITC_Smart_city/Content/Fab/Megascans/Surfaces/Concrete_Floor_tixmdgdcw/Low/tixmdgdcw_tier_3/Textures/T_tixmdgdcw_1K_N.uexp" 1291
"E:/UnrealEngine/VITC_Smart_city/Content/Fab/Megascans/Surfaces/Concrete_Floor_tixmdgdcw/Low/tixmdgdcw_tier_3/Textures/T_tixmdgdcw_1K_ORM.ubulk" 1292
"E:/UnrealEngine/VITC_Smart_city/Content/Fab/Megascans/Surfaces/Concrete_Floor_tixmdgdcw/Low/tixmdgdcw_tier_3/Textures/T_tixmdgdcw_1K_ORM.uasset" 1293
"E:/UnrealEngine/VITC_Smart_city/Content/Fab/Megascans/Surfaces/Concrete_Floor_tixmdgdcw/Low/tixmdgdcw_tier_3/Textures/T_tixmdgdcw_1K_ORM.uexp" 1294
"E:/UnrealEngine/VITC_Smart_city/Content/Fab/Megascans/Surfaces/Concrete_Floor_tixmdgdcw/Low/tixmdgdcw_tier_3/Materials/MI_tixmdgdcw.uasset" 1295
"E:/UnrealEngine/VITC_Smart_city/Content/Fab/Megascans/Surfaces/Concrete_Floor_tixmdgdcw/Low/tixmdgdcw_tier_3/Materials/MI_tixmdgdcw.uexp" 1296
"E:/UnrealEngine/VITC_Smart_city/Content/VIT/VIT/AB4/Materials/3DModel_004.uasset" 1297
"E:/UnrealEngine/VITC_Smart_city/Content/VIT/VIT/AB4/Materials/3DModel_004.uexp" 1298
"E:/UnrealEngine/VITC_Smart_city/Content/VIT/VIT/AB4/StaticMeshes/3DModel_002.ubulk" 1299
"E:/UnrealEngine/VITC_Smart_city/Content/VIT/VIT/AB4/StaticMeshes/3DModel_002.uasset" 1300
"E:/UnrealEngine/VITC_Smart_city/Content/VIT/VIT/AB4/StaticMeshes/3DModel_002.uexp" 1301
"E:/UnrealEngine/VITC_Smart_city/Content/VIT/VIT/AB4/Materials/Material_013.uasset" 1302
"E:/UnrealEngine/VITC_Smart_city/Content/VIT/VIT/AB4/Materials/Material_013.uexp" 1303
"E:/UnrealEngine/VITC_Smart_city/Content/VIT/VIT/AB4/StaticMeshes/Cube_006.ubulk" 1304
"E:/UnrealEngine/VITC_Smart_city/Content/VIT/VIT/AB4/StaticMeshes/Cube_006.uasset" 1305
"E:/UnrealEngine/VITC_Smart_city/Content/VIT/VIT/AB4/StaticMeshes/Cube_006.uexp" 1306
"E:/UnrealEngine/VITC_Smart_city/Content/VIT/VIT/AB4/StaticMeshes/GAGAAG.ubulk" 1307
"E:/UnrealEngine/VITC_Smart_city/Content/VIT/VIT/AB4/StaticMeshes/GAGAAG.uasset" 1308
"E:/UnrealEngine/VITC_Smart_city/Content/VIT/VIT/AB4/StaticMeshes/GAGAAG.uexp" 1309
"E:/UnrealEngine/VITC_Smart_city/Content/VIT/VIT/AB4/StaticMeshes/GAZEBO.ubulk" 1310
"E:/UnrealEngine/VITC_Smart_city/Content/VIT/VIT/AB4/StaticMeshes/GAZEBO.uasset" 1311
"E:/UnrealEngine/VITC_Smart_city/Content/VIT/VIT/AB4/StaticMeshes/GAZEBO.uexp" 1312
"E:/UnrealEngine/VITC_Smart_city/Content/VIT/VIT/AB4/Materials/Material_002.uasset" 1313
"E:/UnrealEngine/VITC_Smart_city/Content/VIT/VIT/AB4/Materials/Material_002.uexp" 1314
"E:/UnrealEngine/VITC_Smart_city/Content/VIT/VIT/AB4/Materials/Material_003.uasset" 1315
"E:/UnrealEngine/VITC_Smart_city/Content/VIT/VIT/AB4/Materials/Material_003.uexp" 1316
"E:/UnrealEngine/VITC_Smart_city/Content/VIT/VIT/AB4/Materials/Material_004.uasset" 1317
"E:/UnrealEngine/VITC_Smart_city/Content/VIT/VIT/AB4/Materials/Material_004.uexp" 1318
"E:/UnrealEngine/VITC_Smart_city/Content/VIT/VIT/AB4/StaticMeshes/NS.ubulk" 1319
"E:/UnrealEngine/VITC_Smart_city/Content/VIT/VIT/AB4/StaticMeshes/NS.uasset" 1320
"E:/UnrealEngine/VITC_Smart_city/Content/VIT/VIT/AB4/StaticMeshes/NS.uexp" 1321
"E:/UnrealEngine/VITC_Smart_city/Content/VIT/VIT/AB4/StaticMeshes/Plane_001.ubulk" 1322
"E:/UnrealEngine/VITC_Smart_city/Content/VIT/VIT/AB4/StaticMeshes/Plane_001.uasset" 1323
"E:/UnrealEngine/VITC_Smart_city/Content/VIT/VIT/AB4/StaticMeshes/Plane_001.uexp" 1324
"E:/UnrealEngine/VITC_Smart_city/Content/VIT/VIT/AB4/StaticMeshes/Plane_008.ubulk" 1325
"E:/UnrealEngine/VITC_Smart_city/Content/VIT/VIT/AB4/StaticMeshes/Plane_008.uasset" 1326
"E:/UnrealEngine/VITC_Smart_city/Content/VIT/VIT/AB4/StaticMeshes/Plane_008.uexp" 1327
"E:/UnrealEngine/VITC_Smart_city/Content/Fab/Megascans/Surfaces/Uncut_Grass_oilpt20/Low/oilpt20_tier_3/Textures/T_oilpt20_1K_B.ubulk" 1328
"E:/UnrealEngine/VITC_Smart_city/Content/Fab/Megascans/Surfaces/Uncut_Grass_oilpt20/Low/oilpt20_tier_3/Textures/T_oilpt20_1K_B.uasset" 1329
"E:/UnrealEngine/VITC_Smart_city/Content/Fab/Megascans/Surfaces/Uncut_Grass_oilpt20/Low/oilpt20_tier_3/Textures/T_oilpt20_1K_B.uexp" 1330
"E:/UnrealEngine/VITC_Smart_city/Content/Fab/Megascans/Surfaces/Uncut_Grass_oilpt20/Low/oilpt20_tier_3/Textures/T_oilpt20_1K_N.ubulk" 1331
"E:/UnrealEngine/VITC_Smart_city/Content/Fab/Megascans/Surfaces/Uncut_Grass_oilpt20/Low/oilpt20_tier_3/Textures/T_oilpt20_1K_N.uasset" 1332
"E:/UnrealEngine/VITC_Smart_city/Content/Fab/Megascans/Surfaces/Uncut_Grass_oilpt20/Low/oilpt20_tier_3/Textures/T_oilpt20_1K_N.uexp" 1333
"E:/UnrealEngine/VITC_Smart_city/Content/Fab/Megascans/Surfaces/Uncut_Grass_oilpt20/Low/oilpt20_tier_3/Textures/T_oilpt20_1K_ORM.ubulk" 1334
"E:/UnrealEngine/VITC_Smart_city/Content/Fab/Megascans/Surfaces/Uncut_Grass_oilpt20/Low/oilpt20_tier_3/Textures/T_oilpt20_1K_ORM.uasset" 1335
"E:/UnrealEngine/VITC_Smart_city/Content/Fab/Megascans/Surfaces/Uncut_Grass_oilpt20/Low/oilpt20_tier_3/Textures/T_oilpt20_1K_ORM.uexp" 1336
"E:/UnrealEngine/VITC_Smart_city/Content/VIT/materials/LandScape.uasset" 1337
"E:/UnrealEngine/VITC_Smart_city/Content/VIT/materials/LandScape.uexp" 1338
"E:/UnrealEngine/VITC_Smart_city/Content/VIT/VIT/AB4/Materials/Material_006.uasset" 1339
"E:/UnrealEngine/VITC_Smart_city/Content/VIT/VIT/AB4/Materials/Material_006.uexp" 1340
"E:/UnrealEngine/VITC_Smart_city/Content/VIT/VIT/AB4/Materials/Material_007.uasset" 1341
"E:/UnrealEngine/VITC_Smart_city/Content/VIT/VIT/AB4/Materials/Material_007.uexp" 1342
"E:/UnrealEngine/VITC_Smart_city/Content/VIT/VIT/AB4/StaticMeshes/Cylinder_003.ubulk" 1343
"E:/UnrealEngine/VITC_Smart_city/Content/VIT/VIT/AB4/StaticMeshes/Cylinder_003.uasset" 1344
"E:/UnrealEngine/VITC_Smart_city/Content/VIT/VIT/AB4/StaticMeshes/Cylinder_003.uexp" 1345
"E:/UnrealEngine/VITC_Smart_city/Content/VIT/VIT/add_gate/StaticMeshes/gatoagto.ubulk" 1346
"E:/UnrealEngine/VITC_Smart_city/Content/VIT/VIT/add_gate/StaticMeshes/gatoagto.uasset" 1347
"E:/UnrealEngine/VITC_Smart_city/Content/VIT/VIT/add_gate/StaticMeshes/gatoagto.uexp" 1348
"E:/UnrealEngine/VITC_Smart_city/Content/VIT/VIT/add_gate/StaticMeshes/raiols.ubulk" 1349
"E:/UnrealEngine/VITC_Smart_city/Content/VIT/VIT/add_gate/StaticMeshes/raiols.uasset" 1350
"E:/UnrealEngine/VITC_Smart_city/Content/VIT/VIT/add_gate/StaticMeshes/raiols.uexp" 1351
"E:/UnrealEngine/VITC_Smart_city/Content/VIT/VIT/admin/StaticMeshes/admin_isnd.ubulk" 1352
"E:/UnrealEngine/VITC_Smart_city/Content/VIT/VIT/admin/StaticMeshes/admin_isnd.uasset" 1353
"E:/UnrealEngine/VITC_Smart_city/Content/VIT/VIT/admin/StaticMeshes/admin_isnd.uexp" 1354
"E:/UnrealEngine/VITC_Smart_city/Content/VIT/VIT/admin/StaticMeshes/admin_isnd_Mat.uasset" 1355
"E:/UnrealEngine/VITC_Smart_city/Content/VIT/VIT/admin/StaticMeshes/admin_isnd_Mat.uexp" 1356
"E:/UnrealEngine/VITC_Smart_city/Content/VIT/VIT/admin/Materials/Material.uasset" 1357
"E:/UnrealEngine/VITC_Smart_city/Content/VIT/VIT/admin/Materials/Material.uexp" 1358
"E:/UnrealEngine/VITC_Smart_city/Content/VIT/VIT/admin/Materials/Material_001.uasset" 1359
"E:/UnrealEngine/VITC_Smart_city/Content/VIT/VIT/admin/Materials/Material_001.uexp" 1360
"E:/UnrealEngine/VITC_Smart_city/Content/VIT/VIT/admin/Materials/Material_002.uasset" 1361
"E:/UnrealEngine/VITC_Smart_city/Content/VIT/VIT/admin/Materials/Material_002.uexp" 1362
"E:/UnrealEngine/VITC_Smart_city/Content/VIT/VIT/admin/Materials/Material_003.uasset" 1363
"E:/UnrealEngine/VITC_Smart_city/Content/VIT/VIT/admin/Materials/Material_003.uexp" 1364
"E:/UnrealEngine/VITC_Smart_city/Content/VIT/VIT/admin/StaticMeshes/Cube_002.ubulk" 1365
"E:/UnrealEngine/VITC_Smart_city/Content/VIT/VIT/admin/StaticMeshes/Cube_002.uasset" 1366
"E:/UnrealEngine/VITC_Smart_city/Content/VIT/VIT/admin/StaticMeshes/Cube_002.uexp" 1367
"E:/UnrealEngine/VITC_Smart_city/Content/VIT/VIT/admin/Materials/Material_004.uasset" 1368
"E:/UnrealEngine/VITC_Smart_city/Content/VIT/VIT/admin/Materials/Material_004.uexp" 1369
"E:/UnrealEngine/VITC_Smart_city/Content/VIT/VIT/admin/StaticMeshes/Text.ubulk" 1370
"E:/UnrealEngine/VITC_Smart_city/Content/VIT/VIT/admin/StaticMeshes/Text.uasset" 1371
"E:/UnrealEngine/VITC_Smart_city/Content/VIT/VIT/admin/StaticMeshes/Text.uexp" 1372
"E:/UnrealEngine/VITC_Smart_city/Content/VIT/VIT/maingate/Materials/Material_001.uasset" 1373
"E:/UnrealEngine/VITC_Smart_city/Content/VIT/VIT/maingate/Materials/Material_001.uexp" 1374
"E:/UnrealEngine/VITC_Smart_city/Content/VIT/VIT/maingate/StaticMeshes/Cube_012.ubulk" 1375
"E:/UnrealEngine/VITC_Smart_city/Content/VIT/VIT/maingate/StaticMeshes/Cube_012.uasset" 1376
"E:/UnrealEngine/VITC_Smart_city/Content/VIT/VIT/maingate/StaticMeshes/Cube_012.uexp" 1377
"E:/UnrealEngine/VITC_Smart_city/Content/VIT/VIT/maingate/Materials/Material.uasset" 1378
"E:/UnrealEngine/VITC_Smart_city/Content/VIT/VIT/maingate/Materials/Material.uexp" 1379
"E:/UnrealEngine/VITC_Smart_city/Content/VIT/VIT/maingate/StaticMeshes/Plane.ubulk" 1380
"E:/UnrealEngine/VITC_Smart_city/Content/VIT/VIT/maingate/StaticMeshes/Plane.uasset" 1381
"E:/UnrealEngine/VITC_Smart_city/Content/VIT/VIT/maingate/StaticMeshes/Plane.uexp" 1382
"E:/UnrealEngine/VITC_Smart_city/Content/VIT/VIT/maingate/Materials/Material_002.uasset" 1383
"E:/UnrealEngine/VITC_Smart_city/Content/VIT/VIT/maingate/Materials/Material_002.uexp" 1384
"E:/UnrealEngine/VITC_Smart_city/Content/VIT/VIT/maingate/StaticMeshes/Plane_005.ubulk" 1385
"E:/UnrealEngine/VITC_Smart_city/Content/VIT/VIT/maingate/StaticMeshes/Plane_005.uasset" 1386
"E:/UnrealEngine/VITC_Smart_city/Content/VIT/VIT/maingate/StaticMeshes/Plane_005.uexp" 1387
"E:/UnrealEngine/VITC_Smart_city/Content/VIT/VIT/mgaudi/Materials/Material.uasset" 1388
"E:/UnrealEngine/VITC_Smart_city/Content/VIT/VIT/mgaudi/Materials/Material.uexp" 1389
"E:/UnrealEngine/VITC_Smart_city/Content/VIT/VIT/mgaudi/Materials/Material_002.uasset" 1390
"E:/UnrealEngine/VITC_Smart_city/Content/VIT/VIT/mgaudi/Materials/Material_002.uexp" 1391
"E:/UnrealEngine/VITC_Smart_city/Content/VIT/VIT/mgaudi/Materials/Material_003.uasset" 1392
"E:/UnrealEngine/VITC_Smart_city/Content/VIT/VIT/mgaudi/Materials/Material_003.uexp" 1393
"E:/UnrealEngine/VITC_Smart_city/Content/VIT/VIT/mgaudi/Materials/Material_004.uasset" 1394
"E:/UnrealEngine/VITC_Smart_city/Content/VIT/VIT/mgaudi/Materials/Material_004.uexp" 1395
"E:/UnrealEngine/VITC_Smart_city/Content/VIT/VIT/mgaudi/StaticMeshes/mgaudi.ubulk" 1396
"E:/UnrealEngine/VITC_Smart_city/Content/VIT/VIT/mgaudi/StaticMeshes/mgaudi.uasset" 1397
"E:/UnrealEngine/VITC_Smart_city/Content/VIT/VIT/mgaudi/StaticMeshes/mgaudi.uexp" 1398
"../../../Engine/Content/BasicShapes/Cube.ubulk" 1399
"../../../Engine/Content/BasicShapes/Cube.uasset" 1400
"../../../Engine/Content/BasicShapes/Cube.uexp" 1401
"E:/UnrealEngine/VITC_Smart_city/Content/VIT/round2/interact_button.ubulk" 1402
"E:/UnrealEngine/VITC_Smart_city/Content/VIT/round2/interact_button.uasset" 1403
"E:/UnrealEngine/VITC_Smart_city/Content/VIT/round2/interact_button.uexp" 1404
"E:/UnrealEngine/VITC_Smart_city/Content/VIT/round2/m_intract.uasset" 1405
"E:/UnrealEngine/VITC_Smart_city/Content/VIT/round2/m_intract.uexp" 1406
"E:/UnrealEngine/VITC_Smart_city/Content/VIT/round2/m_interact_bp.uasset" 1407
"E:/UnrealEngine/VITC_Smart_city/Content/VIT/round2/m_interact_bp.uexp" 1408
"E:/UnrealEngine/VITC_Smart_city/Content/VIT.uexp" 1409
"E:/UnrealEngine/VITC_Smart_city/Content/VIT.umap" 1410
